log_id,task_id,engineer_id,log_date,hours_spent
1,1,26,2025-10-07,4.05
2,1,26,2025-10-08,4.99
3,1,26,2025-10-10,4.99
4,1,26,2025-10-12,6.22
5,1,26,2025-10-14,1.71
6,1,26,2025-10-16,1.61
7,1,26,2025-10-18,3.66
8,1,26,2025-10-19,1.45
9,1,26,2025-10-21,4.39
10,1,26,2025-10-24,3.41
11,1,26,2025-10-27,4.53
12,1,26,2025-10-28,2.69
13,1,26,2025-10-30,5.64
14,1,26,2025-10-31,2.75
15,1,26,2025-11-02,3.91
16,3,14,2025-08-17,5.57
17,3,14,2025-08-18,6.76
18,3,14,2025-08-21,5.42
19,3,14,2025-08-22,3.52
20,3,14,2025-08-25,1.32
21,3,14,2025-08-26,5.86
22,3,14,2025-08-28,4.75
23,4,33,2025-11-15,5.58
24,4,33,2025-11-17,4.32
25,4,33,2025-11-19,3.01
26,4,33,2025-11-22,1.84
27,5,25,2025-05-18,1.4
28,5,25,2025-05-21,6.01
29,5,25,2025-05-22,5.99
30,6,1,2025-10-06,6.13
31,6,1,2025-10-09,3.95
32,6,1,2025-10-12,2.51
33,6,1,2025-10-15,6.41
34,6,1,2025-10-17,4.52
35,6,1,2025-10-20,3.51
36,6,1,2025-10-23,1.14
37,7,7,2025-08-11,1.24
38,7,7,2025-08-14,3.1
39,7,7,2025-08-15,5.41
40,7,7,2025-08-16,2.15
41,7,7,2025-08-19,3.02
42,7,7,2025-08-20,3.27
43,7,7,2025-08-23,6.36
44,7,7,2025-08-25,6.01
45,7,7,2025-08-26,0.16
46,8,35,2025-08-08,1.16
47,8,35,2025-08-11,3.89
48,8,35,2025-08-13,5.66
49,8,35,2025-08-16,1.46
50,10,48,2025-05-28,1.37
51,10,48,2025-05-30,2.17
52,10,48,2025-06-02,4.07
53,10,48,2025-06-05,3.74
54,10,48,2025-06-08,3.61
55,11,39,2025-11-07,3.83
56,11,39,2025-11-08,4.57
57,11,39,2025-11-11,1.87
58,12,23,2025-05-31,2.94
59,12,23,2025-06-02,4.32
60,12,23,2025-06-03,4.39
61,12,23,2025-06-05,4.11
62,12,23,2025-06-07,6.2
63,12,23,2025-06-08,6.44
64,12,23,2025-06-10,5.67
65,12,23,2025-06-11,5.88
66,12,23,2025-06-13,5.53
67,12,23,2025-06-14,3.4
68,12,23,2025-06-16,1.04
69,12,23,2025-06-17,4.89
70,12,23,2025-06-19,2.19
71,12,23,2025-06-20,6.84
72,12,23,2025-06-21,1.62
73,14,4,2025-11-12,4.18
74,14,4,2025-11-13,3.81
75,14,4,2025-11-16,4.99
76,14,4,2025-11-18,4.44
77,14,4,2025-11-19,2.23
78,15,9,2025-08-06,5.43
79,15,9,2025-08-09,4.27
80,15,9,2025-08-10,3.2
81,15,9,2025-08-12,5.54
82,15,9,2025-08-13,6.07
83,15,9,2025-08-16,0.57
84,16,26,2025-08-08,6.83
85,16,26,2025-08-11,3.85
86,16,26,2025-08-14,3.6
87,16,26,2025-08-15,2.31
88,16,26,2025-08-17,3.74
89,16,26,2025-08-18,3.49
90,16,26,2025-08-20,1.93
91,16,26,2025-08-22,3.8
92,16,26,2025-08-24,5.7
93,16,26,2025-08-26,6.66
94,16,26,2025-08-29,1.12
95,17,30,2025-07-25,2.8
96,17,30,2025-07-26,5.1
97,17,30,2025-07-27,2.44
98,19,48,2025-05-24,2.72
99,19,48,2025-05-26,3.56
100,19,48,2025-05-29,0.06
101,20,3,2025-11-26,5.18
102,20,3,2025-11-27,3.13
103,20,3,2025-11-29,2.03
104,20,3,2025-12-01,4.43
105,20,3,2025-12-03,6.39
106,20,3,2025-12-05,1.16
107,21,5,2025-05-21,6.04
108,21,5,2025-05-24,6.72
109,21,5,2025-05-26,6.99
110,21,5,2025-05-29,4.66
111,22,13,2025-06-03,5.63
112,22,13,2025-06-06,4.45
113,22,13,2025-06-07,1.05
114,22,13,2025-06-10,2.46
115,22,13,2025-06-13,1.03
116,22,13,2025-06-16,6.25
117,22,13,2025-06-19,6.8
118,22,13,2025-06-22,2.13
119,22,13,2025-06-25,3.49
120,22,13,2025-06-26,3.2
121,22,13,2025-06-29,5.17
122,22,13,2025-07-02,5.33
123,22,13,2025-07-05,1.68
124,22,13,2025-07-08,5.46
125,22,13,2025-07-10,5.24
126,22,13,2025-07-13,2.39
127,22,13,2025-07-14,4.72
128,22,13,2025-07-17,3.41
129,22,13,2025-07-18,5.58
130,22,13,2025-07-19,6.66
131,22,13,2025-07-21,1.6
132,22,13,2025-07-24,3.23
133,22,13,2025-07-25,0.85
134,23,15,2025-04-09,2.0
135,23,15,2025-04-12,3.51
136,23,15,2025-04-14,3.27
137,23,15,2025-04-17,6.72
138,23,15,2025-04-18,6.5
139,23,15,2025-04-20,6.49
140,23,15,2025-04-23,2.32
141,23,15,2025-04-25,5.11
142,23,15,2025-04-27,1.97
143,23,15,2025-04-30,2.03
144,23,15,2025-05-01,5.7
145,23,15,2025-05-03,3.91
146,23,15,2025-05-05,7.0
147,23,15,2025-05-07,6.45
148,24,26,2025-05-23,5.38
149,24,26,2025-05-25,4.55
150,24,26,2025-05-28,6.9
151,24,26,2025-05-30,6.74
152,24,26,2025-05-31,4.88
153,24,26,2025-06-02,3.57
154,24,26,2025-06-05,2.45
155,24,26,2025-06-06,3.64
156,24,26,2025-06-09,1.01
157,26,42,2025-06-01,2.29
158,26,42,2025-06-04,2.87
159,26,42,2025-06-06,5.93
160,26,42,2025-06-08,2.72
161,26,42,2025-06-10,3.49
162,26,42,2025-06-11,5.96
163,26,42,2025-06-14,2.39
164,26,42,2025-06-17,4.47
165,26,42,2025-06-18,3.21
166,26,42,2025-06-20,6.41
167,26,42,2025-06-22,4.94
168,26,42,2025-06-25,1.34
169,26,42,2025-06-27,1.04
170,26,42,2025-06-29,1.62
171,26,42,2025-07-01,2.61
172,26,42,2025-07-04,6.62
173,26,42,2025-07-07,2.63
174,26,42,2025-07-09,1.39
175,27,9,2025-08-13,4.25
176,27,9,2025-08-16,5.84
177,27,9,2025-08-17,5.24
178,27,9,2025-08-20,2.56
179,27,9,2025-08-23,4.58
180,27,9,2025-08-26,4.08
181,27,9,2025-08-29,6.78
182,27,9,2025-09-01,1.83
183,27,9,2025-09-04,5.33
184,27,9,2025-09-06,2.62
185,27,9,2025-09-09,6.65
186,27,9,2025-09-10,5.7
187,27,9,2025-09-11,2.09
188,27,9,2025-09-12,3.58
189,28,15,2025-07-27,2.75
190,28,15,2025-07-29,5.32
191,28,15,2025-07-31,1.89
192,29,2,2025-08-16,3.89
193,29,2,2025-08-19,1.85
194,29,2,2025-08-22,1.14
195,31,28,2025-09-11,4.62
196,31,28,2025-09-12,1.81
197,31,28,2025-09-15,5.57
198,31,28,2025-09-16,2.99
199,31,28,2025-09-17,1.18
200,31,28,2025-09-20,3.06
201,31,28,2025-09-23,3.8
202,31,28,2025-09-24,1.01
203,31,28,2025-09-26,4.95
204,31,28,2025-09-27,2.66
205,32,6,2025-04-08,1.16
206,32,6,2025-04-11,1.8
207,32,6,2025-04-14,4.11
208,32,6,2025-04-16,3.44
209,32,6,2025-04-17,5.83
210,32,6,2025-04-18,6.83
211,32,6,2025-04-21,2.14
212,32,6,2025-04-24,6.76
213,32,6,2025-04-26,2.35
214,32,6,2025-04-28,6.72
215,32,6,2025-04-30,2.34
216,32,6,2025-05-02,6.73
217,32,6,2025-05-03,5.34
218,32,6,2025-05-04,6.17
219,32,6,2025-05-06,4.97
220,33,19,2025-12-21,5.5
221,33,19,2025-12-24,4.57
222,33,19,2025-12-26,2.23
223,33,19,2025-12-27,3.21
224,33,19,2025-12-30,1.8
225,33,19,2026-01-02,1.23
226,33,19,2026-01-04,6.91
227,33,19,2026-01-06,4.93
228,33,19,2026-01-07,5.14
229,33,19,2026-01-10,2.26
230,33,19,2026-01-13,2.37
231,33,19,2026-01-14,2.1
232,33,19,2026-01-15,4.09
233,33,19,2026-01-17,3.07
234,33,19,2026-01-19,4.82
235,33,19,2026-01-20,1.17
236,33,19,2026-01-22,1.32
237,33,19,2026-01-23,6.51
238,33,19,2026-01-24,5.02
239,33,19,2026-01-25,6.93
240,33,19,2026-01-26,4.3
241,33,19,2026-01-27,5.8
242,33,19,2026-01-30,6.31
243,33,19,2026-02-01,6.93
244,33,19,2026-02-03,4.28
245,33,19,2026-02-04,2.0
246,33,19,2026-02-05,1.33
247,34,33,2025-11-27,3.14
248,34,33,2025-11-30,6.76
249,34,33,2025-12-01,4.89
250,34,33,2025-12-02,1.05
251,34,33,2025-12-04,6.15
252,34,33,2025-12-06,2.71
253,34,33,2025-12-08,3.73
254,34,33,2025-12-11,2.58
255,34,33,2025-12-12,4.25
256,34,33,2025-12-15,1.08
257,34,33,2025-12-16,1.45
258,34,33,2025-12-17,4.29
259,34,33,2025-12-20,6.83
260,34,33,2025-12-23,6.41
261,34,33,2025-12-26,4.1
262,34,33,2025-12-29,5.62
263,34,33,2025-12-31,0.96
264,35,26,2025-11-16,4.39
265,35,26,2025-11-19,3.26
266,35,26,2025-11-20,3.83
267,35,26,2025-11-23,5.28
268,35,26,2025-11-24,3.55
269,35,26,2025-11-25,4.8
270,36,36,2025-04-27,6.35
271,36,36,2025-04-28,6.92
272,36,36,2025-04-29,1.33
273,36,36,2025-05-01,3.43
274,37,43,2025-06-14,4.37
275,37,43,2025-06-17,3.11
276,37,43,2025-06-20,2.64
277,37,43,2025-06-21,2.48
278,37,43,2025-06-22,5.91
279,37,43,2025-06-23,2.21
280,38,41,2025-07-31,6.66
281,38,41,2025-08-01,2.47
282,38,41,2025-08-04,1.06
283,39,49,2025-11-25,3.08
284,39,49,2025-11-27,2.9
285,39,49,2025-11-30,3.73
286,39,49,2025-12-03,2.85
287,39,49,2025-12-06,6.05
288,39,49,2025-12-07,3.11
289,39,49,2025-12-09,2.2
290,39,49,2025-12-10,3.02
291,39,49,2025-12-12,1.54
292,39,49,2025-12-14,4.52
293,41,19,2025-11-13,4.07
294,41,19,2025-11-16,0.29
295,42,1,2025-08-02,1.54
296,42,1,2025-08-04,6.62
297,42,1,2025-08-06,4.17
298,42,1,2025-08-09,2.23
299,42,1,2025-08-11,5.37
300,42,1,2025-08-14,1.27
301,42,1,2025-08-17,2.02
302,43,12,2025-11-14,1.23
303,43,12,2025-11-15,2.99
304,43,12,2025-11-16,1.56
305,43,12,2025-11-18,1.44
306,43,12,2025-11-19,1.32
307,43,12,2025-11-21,6.45
308,43,12,2025-11-24,6.48
309,43,12,2025-11-25,1.26
310,44,11,2025-12-07,1.19
311,44,11,2025-12-09,4.14
312,44,11,2025-12-10,5.53
313,44,11,2025-12-12,1.3
314,45,36,2025-06-15,3.97
315,46,13,2025-05-24,2.44
316,46,13,2025-05-27,3.7
317,47,31,2025-05-26,1.79
318,47,31,2025-05-27,2.04
319,48,3,2025-05-18,1.22
320,48,3,2025-05-20,1.82
321,49,32,2025-11-25,3.68
322,49,32,2025-11-26,5.86
323,49,32,2025-11-27,1.53
324,52,2,2025-11-17,4.87
325,52,2,2025-11-18,2.17
326,52,2,2025-11-20,3.06
327,52,2,2025-11-21,2.4
328,52,2,2025-11-24,5.08
329,52,2,2025-11-27,5.97
330,52,2,2025-11-29,0.05
331,53,20,2025-06-09,6.35
332,53,20,2025-06-11,3.12
333,53,20,2025-06-14,0.65
334,54,28,2025-11-23,3.26
335,54,28,2025-11-25,1.77
336,54,28,2025-11-26,1.92
337,54,28,2025-11-27,6.18
338,54,28,2025-11-30,1.51
339,54,28,2025-12-03,6.76
340,54,28,2025-12-05,1.21
341,54,28,2025-12-06,3.44
342,54,28,2025-12-08,5.2
343,56,30,2025-07-29,1.18
344,56,30,2025-08-01,3.53
345,56,30,2025-08-04,2.01
346,56,30,2025-08-07,5.53
347,56,30,2025-08-09,5.6
348,56,30,2025-08-10,5.52
349,56,30,2025-08-11,1.36
350,56,30,2025-08-12,4.07
351,56,30,2025-08-15,1.38
352,57,28,2025-05-19,2.79
353,57,28,2025-05-22,2.2
354,58,27,2025-04-25,1.97
355,58,27,2025-04-28,5.34
356,58,27,2025-04-29,5.72
357,58,27,2025-05-02,2.87
358,58,27,2025-05-04,2.61
359,58,27,2025-05-06,5.15
360,58,27,2025-05-09,6.71
361,58,27,2025-05-10,3.83
362,58,27,2025-05-13,1.56
363,60,29,2025-07-19,6.58
364,60,29,2025-07-22,2.99
365,60,29,2025-07-23,1.18
366,60,29,2025-07-24,4.03
367,62,19,2025-06-02,5.89
368,62,19,2025-06-05,5.56
369,62,19,2025-06-07,1.43
370,62,19,2025-06-09,1.75
371,62,19,2025-06-12,0.49
372,63,2,2025-11-08,3.4
373,63,2,2025-11-09,3.22
374,63,2,2025-11-11,1.36
375,63,2,2025-11-12,3.91
376,63,2,2025-11-15,2.05
377,63,2,2025-11-17,5.13
378,63,2,2025-11-19,1.04
379,63,2,2025-11-22,1.83
380,63,2,2025-11-24,3.52
381,63,2,2025-11-27,5.37
382,63,2,2025-11-28,4.42
383,63,2,2025-11-29,2.2
384,63,2,2025-12-02,5.43
385,63,2,2025-12-03,3.19
386,63,2,2025-12-05,6.66
387,63,2,2025-12-06,4.47
388,63,2,2025-12-07,4.99
389,63,2,2025-12-09,6.54
390,63,2,2025-12-12,1.76
391,63,2,2025-12-14,2.97
392,63,2,2025-12-17,4.78
393,63,2,2025-12-18,4.16
394,63,2,2025-12-21,3.87
395,63,2,2025-12-23,2.56
396,63,2,2025-12-24,0.16
397,64,2,2025-05-25,4.75
398,64,2,2025-05-26,2.31
399,64,2,2025-05-27,6.5
400,64,2,2025-05-30,5.25
401,64,2,2025-06-01,2.3
402,64,2,2025-06-03,6.11
403,64,2,2025-06-05,6.2
404,65,37,2025-06-01,3.07
405,65,37,2025-06-02,5.0
406,65,37,2025-06-04,5.75
407,65,37,2025-06-05,6.83
408,65,37,2025-06-07,2.83
409,65,37,2025-06-09,5.08
410,66,34,2025-11-20,6.85
411,66,34,2025-11-21,3.02
412,66,34,2025-11-23,1.65
413,66,34,2025-11-26,6.79
414,66,34,2025-11-29,1.61
415,66,34,2025-11-30,6.07
416,66,34,2025-12-03,5.45
417,66,34,2025-12-04,3.58
418,66,34,2025-12-07,3.53
419,66,34,2025-12-08,0.51
420,68,37,2025-07-25,4.0
421,68,37,2025-07-28,6.48
422,68,37,2025-07-31,6.44
423,68,37,2025-08-02,2.22
424,68,37,2025-08-04,2.0
425,68,37,2025-08-05,6.05
426,68,37,2025-08-06,4.65
427,68,37,2025-08-07,5.83
428,68,37,2025-08-08,6.91
429,68,37,2025-08-10,2.36
430,68,37,2025-08-12,2.13
431,68,37,2025-08-14,0.28
432,69,3,2025-05-07,6.38
433,69,3,2025-05-08,2.32
434,69,3,2025-05-10,1.87
435,69,3,2025-05-13,3.8
436,69,3,2025-05-14,3.3
437,69,3,2025-05-17,6.02
438,69,3,2025-05-18,6.11
439,69,3,2025-05-21,2.34
440,69,3,2025-05-24,5.19
441,69,3,2025-05-25,2.68
442,69,3,2025-05-27,4.77
443,69,3,2025-05-28,5.47
444,69,3,2025-05-30,1.0
445,70,32,2025-12-16,3.4
446,70,32,2025-12-19,5.21
447,70,32,2025-12-21,6.96
448,70,32,2025-12-22,4.27
449,71,21,2025-09-19,6.96
450,71,21,2025-09-22,2.65
451,71,21,2025-09-23,6.97
452,71,21,2025-09-25,6.94
453,71,21,2025-09-27,3.61
454,71,21,2025-09-29,2.54
455,71,21,2025-10-01,1.48
456,71,21,2025-10-03,2.94
457,71,21,2025-10-05,6.48
458,71,21,2025-10-08,6.57
459,71,21,2025-10-11,5.19
460,71,21,2025-10-14,2.79
461,71,21,2025-10-16,5.62
462,71,21,2025-10-17,4.56
463,71,21,2025-10-19,1.08
464,72,2,2025-07-29,2.19
465,72,2,2025-08-01,5.07
466,72,2,2025-08-02,4.73
467,72,2,2025-08-03,2.12
468,72,2,2025-08-04,6.04
469,72,2,2025-08-07,3.61
470,72,2,2025-08-08,4.66
471,72,2,2025-08-10,6.48
472,72,2,2025-08-12,1.84
473,73,28,2025-12-11,2.91
474,73,28,2025-12-13,6.74
475,73,28,2025-12-15,1.45
476,73,28,2025-12-16,1.47
477,73,28,2025-12-18,4.05
478,73,28,2025-12-20,5.0
479,73,28,2025-12-22,0.17
480,74,3,2025-08-13,1.62
481,74,3,2025-08-16,1.58
482,74,3,2025-08-17,6.84
483,74,3,2025-08-19,3.24
484,74,3,2025-08-22,6.77
485,74,3,2025-08-24,6.14
486,74,3,2025-08-26,5.72
487,74,3,2025-08-28,3.16
488,74,3,2025-08-31,3.14
489,74,3,2025-09-01,4.48
490,74,3,2025-09-03,1.09
491,74,3,2025-09-05,4.79
492,74,3,2025-09-08,4.61
493,74,3,2025-09-11,5.7
494,74,3,2025-09-13,5.01
495,74,3,2025-09-16,0.02
496,75,25,2025-08-16,2.09
497,75,25,2025-08-18,4.99
498,75,25,2025-08-21,1.59
499,75,25,2025-08-24,5.76
500,75,25,2025-08-26,2.99
501,76,24,2025-12-19,2.69
502,76,24,2025-12-21,2.8
503,76,24,2025-12-22,2.81
504,76,24,2025-12-25,1.11
505,77,37,2025-11-25,2.85
506,77,37,2025-11-26,3.07
507,77,37,2025-11-28,5.2
508,77,37,2025-11-29,2.46
509,77,37,2025-12-02,4.8
510,77,37,2025-12-04,2.21
511,77,37,2025-12-06,5.25
512,77,37,2025-12-08,5.67
513,77,37,2025-12-10,3.35
514,78,34,2025-11-23,1.04
515,78,34,2025-11-24,2.95
516,78,34,2025-11-26,6.9
517,78,34,2025-11-28,6.06
518,78,34,2025-12-01,5.06
519,78,34,2025-12-04,6.52
520,78,34,2025-12-06,5.71
521,78,34,2025-12-07,6.05
522,78,34,2025-12-10,4.64
523,78,34,2025-12-11,5.64
524,78,34,2025-12-12,6.52
525,78,34,2025-12-13,3.51
526,78,34,2025-12-14,6.34
527,78,34,2025-12-16,1.47
528,78,34,2025-12-18,6.59
529,78,34,2025-12-21,2.15
530,79,3,2025-11-30,5.37
531,79,3,2025-12-02,3.22
532,80,19,2025-05-11,5.7
533,80,19,2025-05-12,4.75
534,80,19,2025-05-13,6.38
535,80,19,2025-05-15,4.68
536,80,19,2025-05-16,4.05
537,80,19,2025-05-17,0.12
538,81,49,2025-09-13,5.98
539,81,49,2025-09-16,1.26
540,81,49,2025-09-17,3.99
541,81,49,2025-09-19,5.1
542,81,49,2025-09-21,3.33
543,83,34,2025-11-08,1.86
544,83,34,2025-11-11,3.97
545,83,34,2025-11-13,4.84
546,83,34,2025-11-15,4.54
547,83,34,2025-11-16,4.71
548,83,34,2025-11-18,2.29
549,83,34,2025-11-21,4.25
550,83,34,2025-11-23,2.51
551,84,30,2025-08-03,3.49
552,84,30,2025-08-05,2.82
553,84,30,2025-08-06,2.7
554,84,30,2025-08-09,5.72
555,84,30,2025-08-12,2.11
556,84,30,2025-08-13,3.71
557,84,30,2025-08-15,2.01
558,84,30,2025-08-16,2.92
559,85,17,2025-07-20,2.37
560,85,17,2025-07-23,3.21
561,85,17,2025-07-24,5.25
562,85,17,2025-07-25,1.83
563,85,17,2025-07-26,3.76
564,85,17,2025-07-28,2.26
565,85,17,2025-07-29,3.36
566,85,17,2025-07-31,1.76
567,85,17,2025-08-03,4.99
568,85,17,2025-08-04,5.78
569,85,17,2025-08-06,3.06
570,86,4,2025-05-26,2.42
571,86,4,2025-05-28,6.86
572,86,4,2025-05-31,5.96
573,86,4,2025-06-03,2.67
574,86,4,2025-06-04,2.23
575,86,4,2025-06-07,1.25
576,87,45,2025-06-01,3.46
577,87,45,2025-06-02,4.65
578,87,45,2025-06-03,5.21
579,87,45,2025-06-05,5.33
580,87,45,2025-06-07,6.59
581,87,45,2025-06-08,1.8
582,87,45,2025-06-11,1.12
583,87,45,2025-06-14,2.06
584,87,45,2025-06-16,5.2
585,87,45,2025-06-18,2.08
586,87,45,2025-06-20,0.11
587,88,36,2025-05-22,4.02
588,88,36,2025-05-25,4.0
589,88,36,2025-05-26,2.19
590,88,36,2025-05-28,1.52
591,88,36,2025-05-29,1.12
592,88,36,2025-05-30,6.3
593,88,36,2025-05-31,3.54
594,88,36,2025-06-03,4.26
595,88,36,2025-06-06,4.18
596,88,36,2025-06-07,4.53
597,88,36,2025-06-09,1.71
598,88,36,2025-06-10,4.12
599,88,36,2025-06-13,4.04
600,88,36,2025-06-15,6.04
601,88,36,2025-06-18,4.5
602,88,36,2025-06-21,5.49
603,88,36,2025-06-23,5.19
604,88,36,2025-06-25,2.35
605,88,36,2025-06-26,1.62
606,91,31,2025-11-16,2.97
607,91,31,2025-11-17,3.19
608,91,31,2025-11-18,5.67
609,91,31,2025-11-20,4.44
610,91,31,2025-11-23,3.94
611,91,31,2025-11-24,5.2
612,91,31,2025-11-25,4.14
613,91,31,2025-11-28,6.28
614,91,31,2025-11-29,1.6
615,91,31,2025-12-02,5.71
616,91,31,2025-12-03,6.51
617,91,31,2025-12-06,2.45
618,91,31,2025-12-09,0.59
619,92,25,2025-08-12,5.32
620,92,25,2025-08-14,2.38
621,93,48,2025-05-19,5.09
622,93,48,2025-05-22,6.03
623,93,48,2025-05-24,0.25
624,94,50,2025-11-17,3.83
625,94,50,2025-11-20,2.44
626,94,50,2025-11-22,4.91
627,94,50,2025-11-23,1.76
628,94,50,2025-11-25,0.7
629,95,15,2025-10-30,4.57
630,95,15,2025-10-31,3.07
631,95,15,2025-11-01,1.15
632,95,15,2025-11-04,3.22
633,95,15,2025-11-05,6.18
634,95,15,2025-11-07,1.19
635,95,15,2025-11-09,1.64
636,95,15,2025-11-12,6.15
637,95,15,2025-11-15,1.59
638,95,15,2025-11-17,3.04
639,95,15,2025-11-18,3.54
640,95,15,2025-11-19,3.28
641,95,15,2025-11-22,2.99
642,95,15,2025-11-24,4.47
643,95,15,2025-11-25,2.46
644,95,15,2025-11-26,4.42
645,95,15,2025-11-28,4.39
646,95,15,2025-11-30,5.72
647,95,15,2025-12-03,4.55
648,95,15,2025-12-06,1.22
649,95,15,2025-12-09,3.67
650,95,15,2025-12-11,1.59
651,96,30,2025-05-29,2.8
652,97,14,2025-11-22,5.7
653,97,14,2025-11-25,1.79
654,97,14,2025-11-28,6.32
655,97,14,2025-12-01,1.41
656,97,14,2025-12-04,1.73
657,97,14,2025-12-07,6.43
658,97,14,2025-12-10,1.09
659,97,14,2025-12-13,4.83
660,97,14,2025-12-14,1.77
661,97,14,2025-12-15,0.72
662,98,38,2025-06-07,2.52
663,98,38,2025-06-10,5.29
664,98,38,2025-06-13,5.06
665,98,38,2025-06-16,2.26
666,98,38,2025-06-17,7.0
667,98,38,2025-06-19,4.29
668,98,38,2025-06-20,5.97
669,98,38,2025-06-22,2.27
670,98,38,2025-06-23,5.87
671,98,38,2025-06-25,4.01
672,98,38,2025-06-28,6.24
673,98,38,2025-07-01,6.08
674,98,38,2025-07-04,4.44
675,98,38,2025-07-07,5.65
676,98,38,2025-07-09,1.17
677,98,38,2025-07-11,6.72
678,98,38,2025-07-12,1.08
679,98,38,2025-07-14,4.67
680,98,38,2025-07-17,6.43
681,98,38,2025-07-19,0.5
682,99,3,2025-05-02,3.42
683,99,3,2025-05-04,2.01
684,99,3,2025-05-07,6.71
685,99,3,2025-05-10,3.19
686,99,3,2025-05-12,6.64
687,99,3,2025-05-13,0.68
688,100,9,2025-06-12,2.69
689,100,9,2025-06-13,3.32
690,100,9,2025-06-15,4.44
691,100,9,2025-06-17,2.73
692,100,9,2025-06-20,4.81
693,100,9,2025-06-22,6.66
694,100,9,2025-06-23,5.45
695,100,9,2025-06-24,4.31
696,100,9,2025-06-26,3.28
697,100,9,2025-06-29,4.4
698,100,9,2025-07-01,4.74
699,100,9,2025-07-03,3.04
700,100,9,2025-07-06,1.8
701,100,9,2025-07-08,5.16
702,102,21,2025-04-21,2.62
703,102,21,2025-04-22,2.41
704,103,11,2025-09-30,5.49
705,103,11,2025-10-01,0.48
706,104,10,2025-11-20,2.79
707,104,10,2025-11-23,5.67
708,104,10,2025-11-26,1.68
709,104,10,2025-11-27,1.55
710,105,34,2025-04-23,1.86
711,105,34,2025-04-26,2.24
712,105,34,2025-04-27,2.77
713,105,34,2025-04-30,1.43
714,105,34,2025-05-01,6.85
715,105,34,2025-05-03,6.35
716,105,34,2025-05-06,3.46
717,105,34,2025-05-08,3.58
718,106,20,2025-09-28,1.26
719,106,20,2025-09-30,5.0
720,106,20,2025-10-02,2.99
721,106,20,2025-10-05,2.56
722,106,20,2025-10-07,5.0
723,106,20,2025-10-08,4.53
724,107,1,2025-09-27,4.05
725,107,1,2025-09-28,5.2
726,107,1,2025-09-30,1.26
727,107,1,2025-10-01,3.73
728,107,1,2025-10-03,2.0
729,107,1,2025-10-04,6.81
730,107,1,2025-10-06,1.33
731,107,1,2025-10-09,6.47
732,107,1,2025-10-12,5.97
733,107,1,2025-10-14,6.85
734,107,1,2025-10-17,2.48
735,107,1,2025-10-19,2.34
736,107,1,2025-10-21,6.34
737,107,1,2025-10-23,1.14
738,107,1,2025-10-25,6.4
739,107,1,2025-10-28,5.36
740,107,1,2025-10-30,3.94
741,107,1,2025-11-01,6.18
742,107,1,2025-11-02,4.54
743,107,1,2025-11-04,2.23
744,107,1,2025-11-07,6.86
745,107,1,2025-11-08,1.58
746,107,1,2025-11-11,6.54
747,107,1,2025-11-13,3.44
748,107,1,2025-11-16,1.29
749,107,1,2025-11-17,0.41
750,108,27,2025-05-29,2.67
751,108,27,2025-05-31,4.26
752,108,27,2025-06-02,3.92
753,108,27,2025-06-04,6.14
754,108,27,2025-06-07,4.99
755,108,27,2025-06-08,3.02
756,108,27,2025-06-11,6.43
757,108,27,2025-06-14,2.72
758,109,34,2025-11-26,5.71
759,109,34,2025-11-28,1.69
760,109,34,2025-12-01,5.61
761,109,34,2025-12-03,1.98
762,109,34,2025-12-04,3.69
763,109,34,2025-12-07,4.41
764,109,34,2025-12-08,5.17
765,110,12,2025-06-13,3.28
766,110,12,2025-06-15,2.47
767,110,12,2025-06-16,1.71
768,110,12,2025-06-18,2.34
769,110,12,2025-06-20,5.14
770,110,12,2025-06-22,1.22
771,110,12,2025-06-25,2.77
772,110,12,2025-06-27,2.06
773,110,12,2025-06-29,4.4
774,110,12,2025-07-02,1.21
775,110,12,2025-07-05,1.2
776,110,12,2025-07-08,4.14
777,110,12,2025-07-11,4.69
778,110,12,2025-07-12,4.55
779,110,12,2025-07-15,4.22
780,110,12,2025-07-18,4.69
781,111,37,2025-11-16,6.25
782,111,37,2025-11-18,1.74
783,111,37,2025-11-19,3.97
784,112,7,2025-12-11,4.86
785,114,10,2025-05-30,3.4
786,114,10,2025-06-01,3.63
787,114,10,2025-06-04,3.5
788,114,10,2025-06-07,4.81
789,115,34,2025-12-06,5.01
790,115,34,2025-12-08,4.41
791,115,34,2025-12-10,3.87
792,115,34,2025-12-13,1.1
793,115,34,2025-12-16,6.13
794,115,34,2025-12-18,4.58
795,115,34,2025-12-21,0.41
796,116,7,2025-10-05,5.59
797,116,7,2025-10-06,1.52
798,116,7,2025-10-09,3.44
799,116,7,2025-10-10,4.16
800,116,7,2025-10-12,1.07
801,116,7,2025-10-14,1.32
802,118,18,2025-08-12,2.72
803,118,18,2025-08-15,3.41
804,118,18,2025-08-18,1.55
805,118,18,2025-08-21,3.07
806,118,18,2025-08-23,5.16
807,118,18,2025-08-25,6.29
808,118,18,2025-08-27,3.8
809,118,18,2025-08-28,2.93
810,118,18,2025-08-29,6.85
811,118,18,2025-08-31,0.08
812,120,3,2025-11-15,1.69
813,120,3,2025-11-16,5.96
814,120,3,2025-11-17,5.76
815,120,3,2025-11-20,2.96
816,120,3,2025-11-21,5.67
817,120,3,2025-11-24,1.71
818,120,3,2025-11-26,0.28
819,121,1,2025-05-23,5.06
820,123,48,2025-11-14,1.84
821,123,48,2025-11-17,2.12
822,123,48,2025-11-20,4.35
823,123,48,2025-11-23,2.64
824,123,48,2025-11-24,6.98
825,123,48,2025-11-27,1.8
826,123,48,2025-11-28,6.65
827,123,48,2025-12-01,1.52
828,123,48,2025-12-02,2.74
829,123,48,2025-12-05,2.14
830,123,48,2025-12-08,3.82
831,123,48,2025-12-10,6.54
832,123,48,2025-12-11,4.77
833,123,48,2025-12-14,3.26
834,123,48,2025-12-16,4.44
835,123,48,2025-12-18,1.9
836,123,48,2025-12-20,4.95
837,124,39,2025-11-12,2.44
838,124,39,2025-11-13,2.39
839,124,39,2025-11-16,5.96
840,124,39,2025-11-17,6.93
841,124,39,2025-11-19,4.46
842,124,39,2025-11-22,6.31
843,124,39,2025-11-25,6.81
844,124,39,2025-11-27,4.54
845,124,39,2025-11-28,5.37
846,124,39,2025-11-29,6.48
847,124,39,2025-12-01,4.52
848,124,39,2025-12-04,1.54
849,124,39,2025-12-06,4.56
850,124,39,2025-12-08,6.92
851,124,39,2025-12-09,5.99
852,124,39,2025-12-11,3.49
853,124,39,2025-12-13,3.49
854,125,16,2025-11-25,2.64
855,125,16,2025-11-26,5.46
856,125,16,2025-11-29,5.15
857,125,16,2025-12-01,5.45
858,125,16,2025-12-02,1.05
859,125,16,2025-12-03,4.28
860,125,16,2025-12-05,2.99
861,125,16,2025-12-08,5.28
862,125,16,2025-12-11,4.0
863,125,16,2025-12-13,1.48
864,125,16,2025-12-15,2.69
865,125,16,2025-12-16,5.78
866,125,16,2025-12-18,4.38
867,125,16,2025-12-21,5.03
868,125,16,2025-12-24,1.13
869,125,16,2025-12-26,2.45
870,125,16,2025-12-29,3.03
871,125,16,2025-12-31,1.8
872,125,16,2026-01-02,6.07
873,125,16,2026-01-05,0.48
874,126,19,2025-08-06,3.77
875,126,19,2025-08-09,6.17
876,126,19,2025-08-12,3.4
877,126,19,2025-08-15,2.64
878,126,19,2025-08-17,5.43
879,126,19,2025-08-19,5.14
880,126,19,2025-08-20,5.21
881,126,19,2025-08-23,4.18
882,126,19,2025-08-26,5.29
883,126,19,2025-08-28,2.95
884,126,19,2025-08-30,1.45
885,126,19,2025-08-31,5.23
886,126,19,2025-09-01,5.34
887,126,19,2025-09-02,5.3
888,126,19,2025-09-05,3.68
889,126,19,2025-09-06,2.57
890,126,19,2025-09-08,4.43
891,127,24,2025-11-17,5.33
892,127,24,2025-11-20,4.03
893,127,24,2025-11-21,0.69
894,128,34,2025-11-07,4.75
895,128,34,2025-11-10,2.69
896,128,34,2025-11-11,3.14
897,128,34,2025-11-12,4.76
898,128,34,2025-11-13,4.53
899,128,34,2025-11-16,6.95
900,128,34,2025-11-18,2.66
901,128,34,2025-11-19,6.69
902,128,34,2025-11-21,4.53
903,128,34,2025-11-23,3.83
904,128,34,2025-11-26,6.28
905,128,34,2025-11-28,2.81
906,128,34,2025-11-30,1.1
907,129,11,2025-07-22,3.87
908,129,11,2025-07-24,1.88
909,129,11,2025-07-26,2.9
910,130,32,2025-07-20,6.93
911,130,32,2025-07-23,2.24
912,130,32,2025-07-24,2.51
913,131,28,2025-12-16,6.66
914,131,28,2025-12-18,6.96
915,131,28,2025-12-20,3.15
916,131,28,2025-12-22,1.89
917,131,28,2025-12-24,6.51
918,131,28,2025-12-25,4.65
919,131,28,2025-12-28,2.34
920,132,9,2025-12-22,2.61
921,132,9,2025-12-25,1.93
922,132,9,2025-12-28,6.81
923,132,9,2025-12-31,5.49
924,132,9,2026-01-03,1.65
925,132,9,2026-01-04,1.81
926,132,9,2026-01-06,4.08
927,132,9,2026-01-09,3.33
928,132,9,2026-01-12,1.45
929,132,9,2026-01-15,2.43
930,132,9,2026-01-18,3.99
931,132,9,2026-01-21,6.47
932,132,9,2026-01-24,6.98
933,132,9,2026-01-25,1.69
934,132,9,2026-01-28,4.94
935,132,9,2026-01-29,3.7
936,132,9,2026-01-30,3.74
937,132,9,2026-01-31,1.49
938,132,9,2026-02-01,6.06
939,132,9,2026-02-04,4.39
940,133,16,2025-05-17,1.9
941,133,16,2025-05-20,1.61
942,133,16,2025-05-23,3.31
943,133,16,2025-05-25,2.44
944,133,16,2025-05-26,2.53
945,133,16,2025-05-29,1.7
946,134,26,2025-05-07,4.62
947,134,26,2025-05-09,5.06
948,134,26,2025-05-12,2.86
949,135,11,2025-05-29,2.56
950,135,11,2025-05-30,1.01
951,135,11,2025-06-01,2.56
952,135,11,2025-06-02,6.51
953,135,11,2025-06-05,6.57
954,135,11,2025-06-08,4.15
955,135,11,2025-06-11,6.82
956,135,11,2025-06-12,1.34
957,135,11,2025-06-13,2.68
958,135,11,2025-06-16,1.83
959,135,11,2025-06-17,1.16
960,135,11,2025-06-20,2.33
961,136,18,2025-06-01,2.05
962,137,34,2025-06-12,5.88
963,137,34,2025-06-14,2.33
964,137,34,2025-06-15,4.53
965,137,34,2025-06-17,4.09
966,137,34,2025-06-18,4.27
967,137,34,2025-06-19,2.3
968,137,34,2025-06-20,1.88
969,137,34,2025-06-21,1.81
970,137,34,2025-06-22,3.51
971,137,34,2025-06-23,6.9
972,137,34,2025-06-26,4.37
973,137,34,2025-06-29,5.65
974,137,34,2025-07-01,1.9
975,137,34,2025-07-04,2.87
976,137,34,2025-07-05,2.87
977,137,34,2025-07-07,3.14
978,137,34,2025-07-08,1.08
979,139,6,2025-06-16,4.38
980,139,6,2025-06-18,4.07
981,139,6,2025-06-19,3.68
982,139,6,2025-06-20,4.98
983,139,6,2025-06-21,3.82
984,139,6,2025-06-23,2.45
985,139,6,2025-06-26,1.4
986,139,6,2025-06-29,2.25
987,139,6,2025-07-02,3.12
988,140,29,2025-04-08,4.35
989,140,29,2025-04-11,2.47
990,140,29,2025-04-12,1.91
991,141,28,2025-06-12,4.41
992,141,28,2025-06-13,6.28
993,141,28,2025-06-15,1.06
994,141,28,2025-06-18,2.12
995,141,28,2025-06-20,2.72
996,141,28,2025-06-21,5.1
997,141,28,2025-06-22,6.43
998,141,28,2025-06-24,2.14
999,142,25,2025-11-19,5.96
1000,142,25,2025-11-20,1.99
1001,143,43,2025-05-19,1.31
1002,143,43,2025-05-20,5.13
1003,143,43,2025-05-21,1.16
1004,143,43,2025-05-22,1.56
1005,144,18,2025-11-20,2.22
1006,144,18,2025-11-21,3.24
1007,144,18,2025-11-23,5.02
1008,144,18,2025-11-26,5.12
1009,144,18,2025-11-29,2.33
1010,144,18,2025-12-01,2.02
1011,144,18,2025-12-04,6.78
1012,144,18,2025-12-06,4.86
1013,144,18,2025-12-09,5.4
1014,144,18,2025-12-12,1.02
1015,144,18,2025-12-14,4.25
1016,144,18,2025-12-15,2.58
1017,144,18,2025-12-17,1.96
1018,144,18,2025-12-20,5.31
1019,144,18,2025-12-23,1.93
1020,144,18,2025-12-25,5.94
1021,144,18,2025-12-28,3.03
1022,144,18,2025-12-30,4.52
1023,144,18,2026-01-02,4.36
1024,144,18,2026-01-05,5.17
1025,144,18,2026-01-07,1.2
1026,144,18,2026-01-08,0.67
1027,145,1,2025-07-25,2.8
1028,145,1,2025-07-27,3.96
1029,145,1,2025-07-30,2.41
1030,145,1,2025-07-31,5.59
1031,145,1,2025-08-02,2.27
1032,145,1,2025-08-04,3.81
1033,145,1,2025-08-06,5.78
1034,145,1,2025-08-07,3.49
1035,145,1,2025-08-10,6.93
1036,145,1,2025-08-13,3.41
1037,145,1,2025-08-14,3.2
1038,145,1,2025-08-16,2.68
1039,145,1,2025-08-17,5.99
1040,145,1,2025-08-18,4.23
1041,145,1,2025-08-19,2.6
1042,145,1,2025-08-22,6.55
1043,145,1,2025-08-23,4.06
1044,145,1,2025-08-25,4.81
1045,145,1,2025-08-28,4.83
1046,145,1,2025-08-30,2.58
1047,145,1,2025-09-02,0.69
1048,146,33,2025-05-21,4.48
1049,146,33,2025-05-24,1.41
1050,146,33,2025-05-27,3.42
1051,146,33,2025-05-29,4.55
1052,146,33,2025-05-30,3.94
1053,146,33,2025-05-31,1.34
1054,146,33,2025-06-02,5.68
1055,146,33,2025-06-04,1.49
1056,146,33,2025-06-07,4.58
1057,146,33,2025-06-10,5.45
1058,147,18,2025-05-29,4.11
1059,147,18,2025-05-31,6.18
1060,147,18,2025-06-01,4.15
1061,147,18,2025-06-04,2.7
1062,147,18,2025-06-07,1.69
1063,147,18,2025-06-10,0.4
1064,148,47,2025-07-31,3.89
1065,148,47,2025-08-02,1.2
1066,148,47,2025-08-05,6.7
1067,148,47,2025-08-06,1.89
1068,148,47,2025-08-08,1.28
1069,149,10,2025-08-08,4.07
1070,151,22,2025-04-08,3.76
1071,151,22,2025-04-11,3.97
1072,151,22,2025-04-13,4.05
1073,151,22,2025-04-15,6.99
1074,151,22,2025-04-16,1.37
1075,151,22,2025-04-17,5.32
1076,151,22,2025-04-18,1.1
1077,151,22,2025-04-20,4.72
1078,151,22,2025-04-22,3.22
1079,151,22,2025-04-25,4.51
1080,151,22,2025-04-26,6.49
1081,151,22,2025-04-27,4.25
1082,151,22,2025-04-28,4.32
1083,151,22,2025-05-01,5.09
1084,151,22,2025-05-04,1.43
1085,151,22,2025-05-07,2.18
1086,151,22,2025-05-08,1.4
1087,151,22,2025-05-09,2.81
1088,151,22,2025-05-10,1.84
1089,152,25,2025-06-15,1.83
1090,152,25,2025-06-16,6.21
1091,152,25,2025-06-17,5.38
1092,152,25,2025-06-20,1.08
1093,152,25,2025-06-22,2.09
1094,152,25,2025-06-24,5.17
1095,152,25,2025-06-25,2.52
1096,152,25,2025-06-26,3.51
1097,152,25,2025-06-28,3.27
1098,153,16,2025-12-22,2.68
1099,153,16,2025-12-25,4.93
1100,153,16,2025-12-27,6.93
1101,153,16,2025-12-29,3.65
1102,153,16,2025-12-30,6.27
1103,153,16,2025-12-31,4.9
1104,153,16,2026-01-03,4.31
1105,153,16,2026-01-06,6.39
1106,153,16,2026-01-07,2.57
1107,153,16,2026-01-08,5.25
1108,153,16,2026-01-09,4.01
1109,154,9,2025-07-27,5.3
1110,154,9,2025-07-30,6.65
1111,154,9,2025-08-02,5.64
1112,154,9,2025-08-03,6.4
1113,154,9,2025-08-05,6.67
1114,154,9,2025-08-07,6.65
1115,154,9,2025-08-10,2.74
1116,154,9,2025-08-13,5.3
1117,154,9,2025-08-16,6.17
1118,154,9,2025-08-19,5.05
1119,154,9,2025-08-21,3.24
1120,154,9,2025-08-22,6.67
1121,154,9,2025-08-24,2.09
1122,154,9,2025-08-27,1.47
1123,154,9,2025-08-29,4.6
1124,154,9,2025-08-30,2.16
1125,154,9,2025-09-01,2.87
1126,154,9,2025-09-02,2.96
1127,154,9,2025-09-04,5.25
1128,155,18,2025-11-12,5.35
1129,155,18,2025-11-14,6.27
1130,155,18,2025-11-17,2.38
1131,155,18,2025-11-19,3.52
1132,155,18,2025-11-21,3.69
1133,155,18,2025-11-23,1.66
1134,155,18,2025-11-25,1.64
1135,155,18,2025-11-27,0.12
1136,156,50,2025-08-06,3.14
1137,156,50,2025-08-09,2.64
1138,156,50,2025-08-12,4.71
1139,157,3,2025-12-16,2.49
1140,157,3,2025-12-19,2.52
1141,158,31,2025-08-08,4.06
1142,158,31,2025-08-11,4.21
1143,158,31,2025-08-12,4.19
1144,158,31,2025-08-15,2.9
1145,158,31,2025-08-16,1.88
1146,158,31,2025-08-19,4.6
1147,158,31,2025-08-20,1.12
1148,158,31,2025-08-23,2.42
1149,161,7,2025-05-21,3.32
1150,161,7,2025-05-24,3.96
1151,162,40,2025-08-09,4.83
1152,162,40,2025-08-12,3.03
1153,162,40,2025-08-13,1.57
1154,162,40,2025-08-14,0.27
1155,163,37,2025-05-31,2.56
1156,163,37,2025-06-03,6.08
1157,163,37,2025-06-05,3.1
1158,163,37,2025-06-07,2.41
1159,163,37,2025-06-09,4.47
1160,163,37,2025-06-11,5.69
1161,163,37,2025-06-14,1.57
1162,163,37,2025-06-17,3.37
1163,163,37,2025-06-20,4.77
1164,163,37,2025-06-23,2.55
1165,163,37,2025-06-26,2.88
1166,163,37,2025-06-27,2.82
1167,163,37,2025-06-28,3.29
1168,163,37,2025-06-29,4.92
1169,163,37,2025-06-30,1.83
1170,163,37,2025-07-03,1.36
1171,163,37,2025-07-06,1.54
1172,163,37,2025-07-07,2.89
1173,163,37,2025-07-09,6.61
1174,163,37,2025-07-11,5.98
1175,163,37,2025-07-14,0.23
1176,164,17,2025-12-03,6.61
1177,164,17,2025-12-06,3.75
1178,164,17,2025-12-07,5.76
1179,164,17,2025-12-09,1.67
1180,164,17,2025-12-11,4.07
1181,164,17,2025-12-14,6.28
1182,164,17,2025-12-15,6.86
1183,164,17,2025-12-16,1.58
1184,165,24,2025-05-20,5.02
1185,165,24,2025-05-23,1.43
1186,165,24,2025-05-25,5.43
1187,165,24,2025-05-26,2.69
1188,165,24,2025-05-27,5.07
1189,165,24,2025-05-30,2.42
1190,165,24,2025-06-02,0.87
1191,166,20,2025-04-13,2.33
1192,166,20,2025-04-16,3.6
1193,166,20,2025-04-17,2.29
1194,167,1,2025-07-31,4.02
1195,167,1,2025-08-03,0.96
1196,168,26,2025-12-05,3.22
1197,168,26,2025-12-07,1.95
1198,168,26,2025-12-10,5.8
1199,168,26,2025-12-11,1.86
1200,168,26,2025-12-13,3.76
1201,168,26,2025-12-16,1.11
1202,168,26,2025-12-18,5.01
1203,168,26,2025-12-21,1.93
1204,169,10,2025-10-07,5.03
1205,169,10,2025-10-10,5.36
1206,169,10,2025-10-13,0.27
1207,170,25,2025-05-28,3.55
1208,170,25,2025-05-29,4.15
1209,170,25,2025-06-01,4.85
1210,170,25,2025-06-03,5.41
1211,170,25,2025-06-04,2.14
1212,170,25,2025-06-05,2.21
1213,170,25,2025-06-06,6.86
1214,170,25,2025-06-09,0.63
1215,172,50,2025-08-16,3.75
1216,172,50,2025-08-19,2.49
1217,172,50,2025-08-21,4.19
1218,172,50,2025-08-22,1.23
1219,172,50,2025-08-23,6.79
1220,172,50,2025-08-24,3.54
1221,172,50,2025-08-26,5.36
1222,174,25,2025-10-28,2.62
1223,174,25,2025-10-31,6.9
1224,174,25,2025-11-01,1.88
1225,174,25,2025-11-04,1.48
1226,174,25,2025-11-06,1.36
1227,174,25,2025-11-09,1.15
1228,174,25,2025-11-11,4.45
1229,174,25,2025-11-13,5.13
1230,174,25,2025-11-16,5.22
1231,174,25,2025-11-18,2.52
1232,175,38,2025-06-06,1.22
1233,175,38,2025-06-07,3.11
1234,175,38,2025-06-08,2.84
1235,175,38,2025-06-11,1.51
1236,175,38,2025-06-14,1.79
1237,175,38,2025-06-16,4.14
1238,175,38,2025-06-17,4.92
1239,175,38,2025-06-20,1.46
1240,176,40,2025-05-29,1.87
1241,176,40,2025-05-31,4.16
1242,176,40,2025-06-03,3.69
1243,176,40,2025-06-06,4.22
1244,176,40,2025-06-09,5.75
1245,176,40,2025-06-12,5.74
1246,176,40,2025-06-15,6.09
1247,176,40,2025-06-16,1.09
1248,176,40,2025-06-18,1.53
1249,176,40,2025-06-20,5.73
1250,176,40,2025-06-21,2.91
1251,176,40,2025-06-22,5.03
1252,176,40,2025-06-24,5.08
1253,176,40,2025-06-26,6.81
1254,176,40,2025-06-28,1.01
1255,176,40,2025-06-29,4.61
1256,176,40,2025-07-02,1.94
1257,176,40,2025-07-03,1.2
1258,176,40,2025-07-05,5.11
1259,176,40,2025-07-08,2.74
1260,176,40,2025-07-09,3.4
1261,176,40,2025-07-11,1.33
1262,176,40,2025-07-12,2.76
1263,177,20,2025-06-05,4.96
1264,177,20,2025-06-08,3.32
1265,177,20,2025-06-10,1.09
1266,177,20,2025-06-11,1.57
1267,177,20,2025-06-14,3.12
1268,177,20,2025-06-16,6.85
1269,177,20,2025-06-18,1.03
1270,177,20,2025-06-19,3.61
1271,177,20,2025-06-22,6.48
1272,177,20,2025-06-24,2.96
1273,177,20,2025-06-26,2.46
1274,177,20,2025-06-27,0.62
1275,178,33,2025-11-22,1.65
1276,178,33,2025-11-23,1.71
1277,178,33,2025-11-24,5.73
1278,178,33,2025-11-27,6.08
1279,178,33,2025-11-28,3.02
1280,178,33,2025-11-30,3.82
1281,178,33,2025-12-03,3.99
1282,178,33,2025-12-06,4.29
1283,178,33,2025-12-07,2.9
1284,179,5,2025-06-03,2.03
1285,179,5,2025-06-05,4.92
1286,179,5,2025-06-06,1.07
1287,179,5,2025-06-08,5.64
1288,179,5,2025-06-09,5.57
1289,179,5,2025-06-10,2.05
1290,179,5,2025-06-11,6.31
1291,179,5,2025-06-13,2.23
1292,179,5,2025-06-16,1.25
1293,180,50,2025-12-13,4.23
1294,180,50,2025-12-16,3.82
1295,180,50,2025-12-18,4.04
1296,180,50,2025-12-20,2.3
1297,180,50,2025-12-21,2.72
1298,180,50,2025-12-22,3.7
1299,180,50,2025-12-24,3.27
1300,180,50,2025-12-26,4.46
1301,180,50,2025-12-29,0.34
1302,181,3,2025-05-31,1.29
1303,181,3,2025-06-02,5.43
1304,181,3,2025-06-05,5.93
1305,181,3,2025-06-06,6.4
1306,181,3,2025-06-09,5.18
1307,181,3,2025-06-12,2.75
1308,181,3,2025-06-14,4.15
1309,181,3,2025-06-15,2.98
1310,181,3,2025-06-17,5.2
1311,181,3,2025-06-20,3.99
1312,181,3,2025-06-21,5.02
1313,181,3,2025-06-22,5.45
1314,182,15,2025-11-25,5.5
1315,182,15,2025-11-27,6.33
1316,182,15,2025-11-28,3.7
1317,182,15,2025-11-29,2.28
1318,182,15,2025-11-30,1.51
1319,182,15,2025-12-02,4.27
1320,182,15,2025-12-03,1.7
1321,184,36,2025-06-01,6.22
1322,184,36,2025-06-02,4.63
1323,184,36,2025-06-03,4.6
1324,184,36,2025-06-05,3.8
1325,184,36,2025-06-08,3.26
1326,184,36,2025-06-09,6.16
1327,184,36,2025-06-12,1.84
1328,184,36,2025-06-14,2.3
1329,185,12,2025-12-15,1.77
1330,185,12,2025-12-18,3.85
1331,185,12,2025-12-19,6.16
1332,185,12,2025-12-20,1.96
1333,185,12,2025-12-23,3.78
1334,185,12,2025-12-25,1.9
1335,185,12,2025-12-26,3.75
1336,185,12,2025-12-27,1.07
1337,185,12,2025-12-29,2.49
1338,186,41,2025-08-03,1.27
1339,186,41,2025-08-05,1.52
1340,186,41,2025-08-07,4.3
1341,186,41,2025-08-10,2.21
1342,186,41,2025-08-12,0.61
1343,187,31,2025-06-07,3.15
1344,187,31,2025-06-09,6.25
1345,187,31,2025-06-12,4.75
1346,187,31,2025-06-13,3.21
1347,187,31,2025-06-16,5.91
1348,187,31,2025-06-18,1.8
1349,187,31,2025-06-20,6.68
1350,187,31,2025-06-22,5.72
1351,187,31,2025-06-23,1.98
1352,187,31,2025-06-26,6.59
1353,187,31,2025-06-28,5.51
1354,187,31,2025-07-01,3.46
1355,187,31,2025-07-03,4.65
1356,187,31,2025-07-06,2.78
1357,187,31,2025-07-08,1.98
1358,187,31,2025-07-09,3.55
1359,188,13,2025-06-02,6.76
1360,188,13,2025-06-05,4.62
1361,188,13,2025-06-08,4.47
1362,188,13,2025-06-09,5.27
1363,188,13,2025-06-12,2.93
1364,188,13,2025-06-13,1.66
1365,188,13,2025-06-14,6.99
1366,188,13,2025-06-17,5.15
1367,188,13,2025-06-18,6.33
1368,188,13,2025-06-21,6.05
1369,188,13,2025-06-22,3.87
1370,188,13,2025-06-23,0.19
1371,189,19,2025-05-16,2.41
1372,189,19,2025-05-19,3.2
1373,189,19,2025-05-20,5.39
1374,190,42,2025-12-06,4.17
1375,190,42,2025-12-07,4.07
1376,190,42,2025-12-09,4.17
1377,190,42,2025-12-10,4.99
1378,190,42,2025-12-11,3.31
1379,190,42,2025-12-14,6.97
1380,190,42,2025-12-17,6.65
1381,190,42,2025-12-18,1.38
1382,190,42,2025-12-21,2.64
1383,190,42,2025-12-24,5.53
1384,190,42,2025-12-26,5.0
1385,190,42,2025-12-27,5.1
1386,190,42,2025-12-30,1.72
1387,190,42,2026-01-01,2.19
1388,190,42,2026-01-02,4.82
1389,190,42,2026-01-04,5.64
1390,191,48,2025-05-20,2.9
1391,191,48,2025-05-23,4.69
1392,191,48,2025-05-24,6.56
1393,191,48,2025-05-26,2.58
1394,191,48,2025-05-27,3.13
1395,191,48,2025-05-30,6.9
1396,191,48,2025-05-31,4.17
1397,191,48,2025-06-01,4.59
1398,191,48,2025-06-04,1.98
1399,191,48,2025-06-06,2.52
1400,191,48,2025-06-08,6.53
1401,191,48,2025-06-09,2.12
1402,191,48,2025-06-10,1.85
1403,191,48,2025-06-13,5.36
1404,191,48,2025-06-15,1.1
1405,191,48,2025-06-18,3.85
1406,191,48,2025-06-20,1.42
1407,191,48,2025-06-22,2.01
1408,191,48,2025-06-24,4.69
1409,191,48,2025-06-25,3.26
1410,192,12,2025-10-28,6.85
1411,192,12,2025-10-30,2.73
1412,192,12,2025-11-02,2.11
1413,192,12,2025-11-04,6.75
1414,192,12,2025-11-07,3.57
1415,192,12,2025-11-08,4.28
1416,192,12,2025-11-11,5.72
1417,192,12,2025-11-13,1.13
1418,192,12,2025-11-15,1.69
1419,192,12,2025-11-18,1.58
1420,192,12,2025-11-20,1.47
1421,193,1,2025-07-24,2.48
1422,193,1,2025-07-27,6.31
1423,193,1,2025-07-28,4.09
1424,193,1,2025-07-29,1.61
1425,193,1,2025-08-01,5.36
1426,193,1,2025-08-02,4.46
1427,193,1,2025-08-03,1.48
1428,194,26,2025-12-05,5.51
1429,194,26,2025-12-08,4.23
1430,194,26,2025-12-09,4.62
1431,194,26,2025-12-10,6.89
1432,194,26,2025-12-13,4.55
1433,194,26,2025-12-16,3.94
1434,194,26,2025-12-19,1.12
1435,194,26,2025-12-20,1.91
1436,194,26,2025-12-23,4.01
1437,194,26,2025-12-25,3.35
1438,194,26,2025-12-26,4.96
1439,194,26,2025-12-28,3.27
1440,194,26,2025-12-31,5.52
1441,194,26,2026-01-02,6.34
1442,194,26,2026-01-05,3.92
1443,194,26,2026-01-08,4.19
1444,194,26,2026-01-09,6.41
1445,194,26,2026-01-12,2.1
1446,194,26,2026-01-13,3.01
1447,195,5,2025-09-27,6.57
1448,195,5,2025-09-30,1.88
1449,195,5,2025-10-02,1.1
1450,195,5,2025-10-03,2.96
1451,195,5,2025-10-04,2.94
1452,195,5,2025-10-05,5.34
1453,195,5,2025-10-07,4.51
1454,195,5,2025-10-10,3.31
1455,195,5,2025-10-13,2.82
1456,195,5,2025-10-16,0.91
1457,196,21,2025-08-15,5.23
1458,196,21,2025-08-16,3.74
1459,197,12,2025-12-03,4.73
1460,197,12,2025-12-05,1.17
1461,197,12,2025-12-07,0.52
1462,198,28,2025-04-16,5.91
1463,198,28,2025-04-18,2.14
1464,198,28,2025-04-21,5.1
1465,198,28,2025-04-22,3.31
1466,199,20,2025-12-07,4.56
1467,199,20,2025-12-09,6.0
1468,199,20,2025-12-10,1.66
1469,199,20,2025-12-13,2.11
1470,200,6,2025-05-21,1.69
1471,200,6,2025-05-24,1.26
1472,200,6,2025-05-27,3.83
1473,200,6,2025-05-30,3.74
1474,200,6,2025-06-02,4.36
1475,200,6,2025-06-03,5.65
1476,200,6,2025-06-06,3.39
1477,200,6,2025-06-08,1.52
1478,201,3,2025-05-25,1.13
1479,201,3,2025-05-26,3.21
1480,201,3,2025-05-27,4.02
1481,201,3,2025-05-29,1.29
1482,201,3,2025-05-30,1.04
1483,201,3,2025-06-02,5.67
1484,201,3,2025-06-03,6.92
1485,201,3,2025-06-05,4.55
1486,201,3,2025-06-08,6.44
1487,201,3,2025-06-09,1.79
1488,201,3,2025-06-10,6.66
1489,201,3,2025-06-11,2.95
1490,201,3,2025-06-14,3.98
1491,201,3,2025-06-16,3.0
1492,201,3,2025-06-19,2.45
1493,201,3,2025-06-20,5.84
1494,201,3,2025-06-23,0.3
1495,202,1,2025-12-01,3.29
1496,202,1,2025-12-02,4.56
1497,202,1,2025-12-04,4.92
1498,202,1,2025-12-07,1.12
1499,202,1,2025-12-10,6.86
1500,202,1,2025-12-12,6.99
1501,202,1,2025-12-15,1.28
1502,203,7,2025-11-30,2.1
1503,203,7,2025-12-02,2.85
1504,203,7,2025-12-05,5.22
1505,203,7,2025-12-07,4.19
1506,203,7,2025-12-09,6.55
1507,203,7,2025-12-11,4.37
1508,203,7,2025-12-13,3.44
1509,203,7,2025-12-14,5.56
1510,203,7,2025-12-17,6.31
1511,203,7,2025-12-18,3.34
1512,203,7,2025-12-21,1.76
1513,203,7,2025-12-22,4.15
1514,203,7,2025-12-24,4.03
1515,203,7,2025-12-26,6.85
1516,203,7,2025-12-29,6.06
1517,203,7,2025-12-30,3.38
1518,203,7,2026-01-02,2.89
1519,203,7,2026-01-03,0.61
1520,204,1,2025-06-06,1.8
1521,204,1,2025-06-09,2.08
1522,204,1,2025-06-12,1.94
1523,204,1,2025-06-14,6.71
1524,204,1,2025-06-17,1.78
1525,204,1,2025-06-19,1.86
1526,204,1,2025-06-21,1.57
1527,204,1,2025-06-23,4.44
1528,204,1,2025-06-25,4.53
1529,204,1,2025-06-27,6.44
1530,204,1,2025-06-30,3.33
1531,204,1,2025-07-01,1.64
1532,204,1,2025-07-03,4.52
1533,204,1,2025-07-05,1.89
1534,204,1,2025-07-06,1.27
1535,204,1,2025-07-09,1.92
1536,204,1,2025-07-12,1.68
1537,204,1,2025-07-13,4.73
1538,204,1,2025-07-16,5.87
1539,204,1,2025-07-18,0.17
1540,205,27,2025-06-02,1.41
1541,205,27,2025-06-03,6.61
1542,205,27,2025-06-05,4.72
1543,205,27,2025-06-07,5.25
1544,205,27,2025-06-08,2.15
1545,205,27,2025-06-09,3.83
1546,206,28,2025-11-27,5.98
1547,207,33,2025-06-04,5.89
1548,208,38,2025-04-22,5.0
1549,208,38,2025-04-24,6.38
1550,208,38,2025-04-25,1.98
1551,208,38,2025-04-26,3.4
1552,208,38,2025-04-28,3.49
1553,208,38,2025-04-29,1.2
1554,208,38,2025-05-02,6.09
1555,208,38,2025-05-05,6.23
1556,208,38,2025-05-08,5.07
1557,208,38,2025-05-11,4.29
1558,208,38,2025-05-12,5.94
1559,208,38,2025-05-15,4.36
1560,208,38,2025-05-18,2.41
1561,208,38,2025-05-19,1.3
1562,208,38,2025-05-20,4.26
1563,208,38,2025-05-22,2.3
1564,208,38,2025-05-25,3.6
1565,208,38,2025-05-27,3.79
1566,208,38,2025-05-28,2.04
1567,208,38,2025-05-29,2.61
1568,208,38,2025-05-31,4.74
1569,208,38,2025-06-02,0.77
1570,209,3,2025-06-13,3.01
1571,209,3,2025-06-14,1.58
1572,209,3,2025-06-17,2.47
1573,210,16,2025-12-01,5.45
1574,210,16,2025-12-03,3.03
1575,210,16,2025-12-06,5.54
1576,210,16,2025-12-07,2.37
1577,210,16,2025-12-08,4.93
1578,210,16,2025-12-11,2.98
1579,210,16,2025-12-12,2.1
1580,210,16,2025-12-14,3.79
1581,210,16,2025-12-15,0.21
1582,211,19,2025-11-10,6.12
1583,211,19,2025-11-13,2.44
1584,211,19,2025-11-16,4.73
1585,211,19,2025-11-18,1.95
1586,211,19,2025-11-21,5.54
1587,211,19,2025-11-22,3.24
1588,212,44,2025-12-02,1.58
1589,212,44,2025-12-04,1.31
1590,212,44,2025-12-06,6.7
1591,212,44,2025-12-08,4.79
1592,212,44,2025-12-09,6.71
1593,212,44,2025-12-10,2.1
1594,213,9,2025-11-10,5.23
1595,213,9,2025-11-13,2.94
1596,213,9,2025-11-16,5.87
1597,213,9,2025-11-18,6.92
1598,213,9,2025-11-20,3.98
1599,213,9,2025-11-22,2.74
1600,213,9,2025-11-23,4.69
1601,213,9,2025-11-25,3.0
1602,213,9,2025-11-28,1.04
1603,213,9,2025-11-29,3.41
1604,213,9,2025-12-01,1.99
1605,213,9,2025-12-02,1.69
1606,213,9,2025-12-05,1.94
1607,213,9,2025-12-06,4.79
1608,213,9,2025-12-09,2.28
1609,213,9,2025-12-11,6.91
1610,213,9,2025-12-14,1.4
1611,214,3,2025-12-10,4.86
1612,214,3,2025-12-11,2.11
1613,214,3,2025-12-13,6.25
1614,214,3,2025-12-14,6.83
1615,214,3,2025-12-16,5.43
1616,214,3,2025-12-19,4.0
1617,214,3,2025-12-21,6.07
1618,214,3,2025-12-24,6.0
1619,214,3,2025-12-27,3.32
1620,214,3,2025-12-28,3.99
1621,214,3,2025-12-30,1.01
1622,214,3,2025-12-31,4.96
1623,214,3,2026-01-01,3.72
1624,214,3,2026-01-02,1.65
1625,216,33,2025-04-20,3.68
1626,216,33,2025-04-21,4.31
1627,216,33,2025-04-22,0.33
1628,217,39,2025-11-07,3.42
1629,217,39,2025-11-08,3.64
1630,217,39,2025-11-11,1.11
1631,217,39,2025-11-14,5.59
1632,217,39,2025-11-16,4.13
1633,217,39,2025-11-19,5.7
1634,219,29,2025-06-04,3.78
1635,219,29,2025-06-05,4.34
1636,220,38,2025-09-30,4.61
1637,220,38,2025-10-03,4.06
1638,220,38,2025-10-05,2.38
1639,220,38,2025-10-06,6.37
1640,220,38,2025-10-09,3.63
1641,220,38,2025-10-12,4.39
1642,221,4,2025-11-30,5.67
1643,221,4,2025-12-03,5.38
1644,221,4,2025-12-04,6.96
1645,221,4,2025-12-05,4.31
1646,221,4,2025-12-07,0.4
1647,222,22,2025-05-01,6.81
1648,222,22,2025-05-04,5.27
1649,222,22,2025-05-07,3.31
1650,222,22,2025-05-09,2.02
1651,222,22,2025-05-12,5.57
1652,222,22,2025-05-15,2.02
1653,222,22,2025-05-16,5.52
1654,222,22,2025-05-18,6.82
1655,222,22,2025-05-19,5.84
1656,222,22,2025-05-22,6.54
1657,222,22,2025-05-24,2.73
1658,222,22,2025-05-25,6.24
1659,222,22,2025-05-27,1.4
1660,222,22,2025-05-29,6.08
1661,222,22,2025-05-31,2.4
1662,222,22,2025-06-01,4.22
1663,222,22,2025-06-04,0.55
1664,223,21,2025-09-29,1.86
1665,223,21,2025-10-01,1.73
1666,223,21,2025-10-03,4.5
1667,223,21,2025-10-06,5.7
1668,223,21,2025-10-07,1.56
1669,223,21,2025-10-10,1.24
1670,223,21,2025-10-12,4.09
1671,223,21,2025-10-14,1.99
1672,223,21,2025-10-17,5.02
1673,224,12,2025-10-05,3.05
1674,224,12,2025-10-08,2.59
1675,224,12,2025-10-10,5.18
1676,224,12,2025-10-11,4.42
1677,224,12,2025-10-13,6.95
1678,224,12,2025-10-15,3.36
1679,224,12,2025-10-18,3.19
1680,224,12,2025-10-20,5.63
1681,224,12,2025-10-23,4.15
1682,224,12,2025-10-24,2.39
1683,224,12,2025-10-27,5.18
1684,224,12,2025-10-30,1.95
1685,224,12,2025-11-01,3.36
1686,224,12,2025-11-04,2.54
1687,225,9,2025-11-08,3.48
1688,225,9,2025-11-10,5.83
1689,225,9,2025-11-13,3.0
1690,225,9,2025-11-14,1.57
1691,225,9,2025-11-17,4.05
1692,225,9,2025-11-20,2.25
1693,225,9,2025-11-23,6.85
1694,225,9,2025-11-24,3.34
1695,226,4,2025-06-14,4.46
1696,226,4,2025-06-16,5.75
1697,226,4,2025-06-17,2.21
1698,226,4,2025-06-20,6.99
1699,226,4,2025-06-21,5.35
1700,226,4,2025-06-24,2.85
1701,228,4,2025-06-05,2.55
1702,228,4,2025-06-08,3.3
1703,228,4,2025-06-11,4.68
1704,228,4,2025-06-12,2.67
1705,230,48,2025-05-17,1.57
1706,230,48,2025-05-20,2.77
1707,230,48,2025-05-23,6.2
1708,230,48,2025-05-25,3.34
1709,232,49,2025-05-21,5.0
1710,232,49,2025-05-24,2.25
1711,233,13,2025-05-23,4.83
1712,233,13,2025-05-25,1.81
1713,233,13,2025-05-28,1.33
1714,233,13,2025-05-31,0.4
1715,234,30,2025-04-28,3.5
1716,234,30,2025-04-30,5.19
1717,234,30,2025-05-01,3.74
1718,234,30,2025-05-04,3.71
1719,234,30,2025-05-07,4.37
1720,234,30,2025-05-08,1.35
1721,234,30,2025-05-10,0.82
1722,235,24,2025-04-12,1.79
1723,235,24,2025-04-14,2.72
1724,235,24,2025-04-17,4.64
1725,235,24,2025-04-20,2.02
1726,236,14,2025-09-18,4.02
1727,236,14,2025-09-21,5.85
1728,236,14,2025-09-22,3.46
1729,236,14,2025-09-23,1.34
1730,236,14,2025-09-26,6.8
1731,236,14,2025-09-29,6.95
1732,236,14,2025-10-02,1.4
1733,236,14,2025-10-05,6.96
1734,236,14,2025-10-07,4.25
1735,236,14,2025-10-08,2.25
1736,236,14,2025-10-09,6.89
1737,236,14,2025-10-12,6.76
1738,236,14,2025-10-14,4.96
1739,236,14,2025-10-16,3.24
1740,236,14,2025-10-19,2.5
1741,236,14,2025-10-21,4.92
1742,236,14,2025-10-22,4.56
1743,236,14,2025-10-25,6.8
1744,236,14,2025-10-27,4.34
1745,237,27,2025-04-18,4.33
1746,237,27,2025-04-21,4.46
1747,237,27,2025-04-24,1.81
1748,237,27,2025-04-26,2.14
1749,237,27,2025-04-29,6.3
1750,237,27,2025-05-01,2.82
1751,237,27,2025-05-04,6.63
1752,237,27,2025-05-05,4.59
1753,237,27,2025-05-08,3.53
1754,237,27,2025-05-10,4.44
1755,237,27,2025-05-11,6.55
1756,237,27,2025-05-14,6.26
1757,237,27,2025-05-16,3.86
1758,237,27,2025-05-18,4.43
1759,237,27,2025-05-21,3.49
1760,240,37,2025-05-31,5.37
1761,240,37,2025-06-02,1.41
1762,240,37,2025-06-03,6.05
1763,240,37,2025-06-04,6.84
1764,240,37,2025-06-06,4.12
1765,240,37,2025-06-09,3.14
1766,240,37,2025-06-12,1.34
1767,240,37,2025-06-13,2.96
1768,241,5,2025-04-24,5.23
1769,241,5,2025-04-25,5.22
1770,241,5,2025-04-27,3.47
1771,241,5,2025-04-29,1.4
1772,241,5,2025-05-02,4.16
1773,241,5,2025-05-03,2.97
1774,241,5,2025-05-04,4.94
1775,241,5,2025-05-05,3.49
1776,241,5,2025-05-06,2.18
1777,241,5,2025-05-07,1.23
1778,241,5,2025-05-10,3.25
1779,242,29,2025-07-19,2.65
1780,242,29,2025-07-21,4.34
1781,242,29,2025-07-22,5.9
1782,242,29,2025-07-24,2.22
1783,242,29,2025-07-26,5.58
1784,242,29,2025-07-29,4.29
1785,242,29,2025-07-31,2.21
1786,242,29,2025-08-01,2.08
1787,242,29,2025-08-04,1.87
1788,242,29,2025-08-06,2.57
1789,242,29,2025-08-07,1.94
1790,243,22,2025-06-15,1.38
1791,243,22,2025-06-17,6.56
1792,243,22,2025-06-18,5.71
1793,243,22,2025-06-20,4.48
1794,243,22,2025-06-22,1.26
1795,243,22,2025-06-24,1.09
1796,243,22,2025-06-27,1.93
1797,243,22,2025-06-29,1.06
1798,245,37,2025-06-08,5.4
1799,245,37,2025-06-11,2.62
1800,245,37,2025-06-14,3.8
1801,245,37,2025-06-17,1.93
1802,245,37,2025-06-20,1.68
1803,245,37,2025-06-21,4.7
1804,245,37,2025-06-24,3.93
1805,245,37,2025-06-26,4.89
1806,245,37,2025-06-27,4.41
1807,245,37,2025-06-29,0.56
1808,246,5,2025-08-04,1.87
1809,246,5,2025-08-07,5.99
1810,246,5,2025-08-08,3.8
1811,246,5,2025-08-09,5.26
1812,246,5,2025-08-10,2.5
1813,247,48,2025-08-04,3.84
1814,247,48,2025-08-05,2.36
1815,248,14,2025-12-06,2.72
1816,248,14,2025-12-09,1.21
1817,248,14,2025-12-10,4.42
1818,248,14,2025-12-11,6.57
1819,248,14,2025-12-14,3.92
1820,248,14,2025-12-16,4.35
1821,248,14,2025-12-17,4.76
1822,248,14,2025-12-20,4.95
1823,249,3,2025-08-08,5.69
1824,249,3,2025-08-10,1.4
1825,249,3,2025-08-11,3.75
1826,249,3,2025-08-14,5.05
1827,249,3,2025-08-16,2.18
1828,249,3,2025-08-18,5.92
1829,249,3,2025-08-20,1.31
1830,249,3,2025-08-23,5.27
1831,249,3,2025-08-25,3.0
1832,249,3,2025-08-28,2.83
1833,249,3,2025-08-30,6.7
1834,249,3,2025-09-02,4.76
1835,249,3,2025-09-05,5.03
1836,249,3,2025-09-06,4.25
1837,249,3,2025-09-08,3.74
1838,249,3,2025-09-09,3.98
1839,249,3,2025-09-10,3.02
1840,249,3,2025-09-13,2.92
1841,249,3,2025-09-14,5.75
1842,249,3,2025-09-15,1.64
1843,249,3,2025-09-18,1.85
1844,249,3,2025-09-19,1.38
1845,249,3,2025-09-22,1.08
1846,251,47,2025-04-29,2.35
1847,251,47,2025-05-01,3.57
1848,251,47,2025-05-04,4.02
1849,251,47,2025-05-05,1.25
1850,251,47,2025-05-08,4.14
1851,251,47,2025-05-11,3.23
1852,251,47,2025-05-14,4.18
1853,251,47,2025-05-15,5.85
1854,251,47,2025-05-18,1.52
1855,251,47,2025-05-19,4.12
1856,252,32,2025-04-19,2.74
1857,252,32,2025-04-21,2.78
1858,252,32,2025-04-22,3.97
1859,252,32,2025-04-24,1.61
1860,252,32,2025-04-26,1.32
1861,252,32,2025-04-29,4.99
1862,252,32,2025-04-30,2.71
1863,252,32,2025-05-01,2.81
1864,252,32,2025-05-03,5.95
1865,252,32,2025-05-05,1.63
1866,253,27,2025-08-11,4.78
1867,253,27,2025-08-13,1.82
1868,253,27,2025-08-16,6.33
1869,253,27,2025-08-19,3.46
1870,253,27,2025-08-22,3.73
1871,253,27,2025-08-24,1.64
1872,253,27,2025-08-25,4.47
1873,253,27,2025-08-26,6.53
1874,253,27,2025-08-29,2.26
1875,253,27,2025-08-30,5.65
1876,253,27,2025-08-31,1.13
1877,253,27,2025-09-02,1.5
1878,253,27,2025-09-04,3.44
1879,253,27,2025-09-05,3.34
1880,253,27,2025-09-07,3.06
1881,253,27,2025-09-09,5.72
1882,253,27,2025-09-12,6.54
1883,253,27,2025-09-13,5.54
1884,253,27,2025-09-16,4.4
1885,253,27,2025-09-19,2.63
1886,253,27,2025-09-22,5.02
1887,253,27,2025-09-23,1.03
1888,253,27,2025-09-24,1.43
1889,254,18,2025-10-06,4.59
1890,254,18,2025-10-07,1.48
1891,254,18,2025-10-09,6.8
1892,254,18,2025-10-12,4.53
1893,254,18,2025-10-15,6.33
1894,254,18,2025-10-16,4.8
1895,254,18,2025-10-17,6.33
1896,254,18,2025-10-19,5.7
1897,254,18,2025-10-21,4.02
1898,254,18,2025-10-22,4.06
1899,254,18,2025-10-24,3.8
1900,254,18,2025-10-27,5.98
1901,254,18,2025-10-28,2.63
1902,254,18,2025-10-31,3.77
1903,254,18,2025-11-02,5.15
1904,254,18,2025-11-04,0.56
1905,255,28,2025-05-19,1.38
1906,255,28,2025-05-20,5.86
1907,255,28,2025-05-23,2.51
1908,255,28,2025-05-26,5.69
1909,255,28,2025-05-29,1.75
1910,255,28,2025-05-31,3.41
1911,255,28,2025-06-03,1.66
1912,255,28,2025-06-04,0.95
1913,256,22,2025-12-07,3.85
1914,256,22,2025-12-09,1.79
1915,256,22,2025-12-11,3.99
1916,256,22,2025-12-13,3.41
1917,256,22,2025-12-15,3.92
1918,256,22,2025-12-18,1.85
1919,256,22,2025-12-19,1.16
1920,256,22,2025-12-21,2.28
1921,257,15,2025-04-14,6.76
1922,257,15,2025-04-17,2.83
1923,257,15,2025-04-20,1.6
1924,257,15,2025-04-22,4.96
1925,257,15,2025-04-25,1.77
1926,257,15,2025-04-27,4.03
1927,257,15,2025-04-28,0.37
1928,258,43,2025-04-30,4.3
1929,258,43,2025-05-03,6.27
1930,258,43,2025-05-06,6.98
1931,258,43,2025-05-08,6.43
1932,258,43,2025-05-11,2.52
1933,259,11,2025-09-12,6.34
1934,259,11,2025-09-15,1.74
1935,260,46,2025-12-21,2.35
1936,260,46,2025-12-23,5.13
1937,260,46,2025-12-25,3.16
1938,260,46,2025-12-28,1.33
1939,260,46,2025-12-29,6.59
1940,260,46,2025-12-30,4.34
1941,260,46,2026-01-01,0.67
1942,261,45,2025-04-06,5.76
1943,261,45,2025-04-09,0.28
1944,262,23,2025-06-08,5.62
1945,262,23,2025-06-09,5.18
1946,262,23,2025-06-12,1.21
1947,262,23,2025-06-13,1.28
1948,262,23,2025-06-16,3.76
1949,262,23,2025-06-19,4.93
1950,262,23,2025-06-21,2.37
1951,262,23,2025-06-22,2.75
1952,262,23,2025-06-24,5.22
1953,262,23,2025-06-27,1.78
1954,262,23,2025-06-28,3.96
1955,262,23,2025-06-29,5.35
1956,262,23,2025-07-01,1.01
1957,262,23,2025-07-04,2.32
1958,262,23,2025-07-07,2.64
1959,262,23,2025-07-08,1.63
1960,262,23,2025-07-09,3.98
1961,262,23,2025-07-10,6.78
1962,262,23,2025-07-12,2.47
1963,262,23,2025-07-14,1.07
1964,262,23,2025-07-17,2.93
1965,263,6,2025-04-22,6.42
1966,263,6,2025-04-25,4.34
1967,263,6,2025-04-28,6.74
1968,263,6,2025-04-30,2.57
1969,263,6,2025-05-01,3.98
1970,263,6,2025-05-04,6.99
1971,263,6,2025-05-05,1.92
1972,263,6,2025-05-08,3.34
1973,263,6,2025-05-09,5.03
1974,263,6,2025-05-10,2.49
1975,263,6,2025-05-11,6.54
1976,263,6,2025-05-13,6.9
1977,263,6,2025-05-15,1.15
1978,264,33,2025-06-03,3.71
1979,264,33,2025-06-04,5.27
1980,264,33,2025-06-06,1.58
1981,264,33,2025-06-07,5.24
1982,264,33,2025-06-10,4.07
1983,264,33,2025-06-13,1.99
1984,264,33,2025-06-15,1.72
1985,264,33,2025-06-17,2.0
1986,264,33,2025-06-20,2.7
1987,264,33,2025-06-23,6.57
1988,264,33,2025-06-26,4.04
1989,264,33,2025-06-27,2.48
1990,264,33,2025-06-30,1.31
1991,264,33,2025-07-01,4.66
1992,264,33,2025-07-02,4.55
1993,264,33,2025-07-04,3.91
1994,264,33,2025-07-07,3.35
1995,264,33,2025-07-09,4.62
1996,264,33,2025-07-12,3.37
1997,264,33,2025-07-13,4.77
1998,264,33,2025-07-16,2.6
1999,264,33,2025-07-18,3.6
2000,264,33,2025-07-19,4.31
2001,264,33,2025-07-21,6.05
2002,264,33,2025-07-23,3.81
2003,264,33,2025-07-26,2.58
2004,264,33,2025-07-27,4.3
2005,264,33,2025-07-28,3.17
2006,264,33,2025-07-29,2.67
2007,265,25,2025-12-02,3.09
2008,265,25,2025-12-04,3.84
2009,265,25,2025-12-05,2.95
2010,266,24,2025-08-04,4.74
2011,266,24,2025-08-05,2.22
2012,266,24,2025-08-08,6.95
2013,266,24,2025-08-11,0.32
2014,267,38,2025-12-11,1.47
2015,267,38,2025-12-13,5.93
2016,267,38,2025-12-15,6.85
2017,267,38,2025-12-16,5.29
2018,267,38,2025-12-17,2.61
2019,267,38,2025-12-19,4.47
2020,268,37,2025-11-05,4.04
2021,268,37,2025-11-07,3.81
2022,268,37,2025-11-08,5.86
2023,268,37,2025-11-10,6.24
2024,268,37,2025-11-12,1.98
2025,268,37,2025-11-13,4.45
2026,268,37,2025-11-16,5.69
2027,268,37,2025-11-17,2.99
2028,268,37,2025-11-18,6.81
2029,268,37,2025-11-19,0.7
2030,269,4,2025-12-23,1.17
2031,269,4,2025-12-24,4.05
2032,270,39,2025-07-19,5.98
2033,270,39,2025-07-21,5.38
2034,270,39,2025-07-23,1.19
2035,270,39,2025-07-25,6.68
2036,270,39,2025-07-26,4.18
2037,270,39,2025-07-28,4.53
2038,271,23,2025-08-08,3.6
2039,271,23,2025-08-10,6.77
2040,271,23,2025-08-11,4.15
2041,271,23,2025-08-12,6.77
2042,271,23,2025-08-15,5.85
2043,271,23,2025-08-17,1.06
2044,271,23,2025-08-20,3.31
2045,271,23,2025-08-21,1.84
2046,271,23,2025-08-24,0.2
2047,274,13,2025-11-29,1.46
2048,274,13,2025-11-30,3.69
2049,274,13,2025-12-03,4.92
2050,274,13,2025-12-04,6.04
2051,274,13,2025-12-07,4.44
2052,274,13,2025-12-08,3.22
2053,274,13,2025-12-11,1.93
2054,274,13,2025-12-14,3.68
2055,274,13,2025-12-16,2.64
2056,274,13,2025-12-18,1.24
2057,274,13,2025-12-21,1.29
2058,274,13,2025-12-24,0.5
2059,275,36,2025-11-26,1.01
2060,275,36,2025-11-28,5.59
2061,275,36,2025-11-30,6.1
2062,275,36,2025-12-02,6.84
2063,275,36,2025-12-05,3.6
2064,275,36,2025-12-08,6.8
2065,275,36,2025-12-09,6.05
2066,275,36,2025-12-10,3.38
2067,275,36,2025-12-12,4.23
2068,275,36,2025-12-14,3.4
2069,275,36,2025-12-17,5.89
2070,275,36,2025-12-20,3.27
2071,275,36,2025-12-22,4.05
2072,275,36,2025-12-23,3.89
2073,275,36,2025-12-25,2.65
2074,275,36,2025-12-27,1.02
2075,275,36,2025-12-30,5.98
2076,275,36,2026-01-01,4.58
2077,275,36,2026-01-03,0.44
2078,276,23,2025-11-12,3.46
2079,276,23,2025-11-15,3.01
2080,276,23,2025-11-18,3.31
2081,276,23,2025-11-21,2.62
2082,276,23,2025-11-24,6.97
2083,276,23,2025-11-25,2.59
2084,276,23,2025-11-26,1.68
2085,276,23,2025-11-29,3.26
2086,277,14,2025-08-14,4.12
2087,277,14,2025-08-16,5.05
2088,277,14,2025-08-19,1.3
2089,277,14,2025-08-22,5.96
2090,277,14,2025-08-23,1.68
2091,277,14,2025-08-24,6.43
2092,277,14,2025-08-27,6.58
2093,277,14,2025-08-28,3.28
2094,277,14,2025-08-29,4.18
2095,277,14,2025-08-30,5.67
2096,277,14,2025-08-31,2.37
2097,277,14,2025-09-02,6.91
2098,277,14,2025-09-04,5.29
2099,277,14,2025-09-07,5.57
2100,277,14,2025-09-09,4.29
2101,278,1,2025-04-27,5.61
2102,278,1,2025-04-29,1.75
2103,278,1,2025-05-02,3.12
2104,278,1,2025-05-04,0.03
2105,280,25,2025-11-10,3.27
2106,280,25,2025-11-11,3.73
2107,280,25,2025-11-14,2.75
2108,280,25,2025-11-17,0.25
2109,281,3,2025-11-25,6.18
2110,281,3,2025-11-26,1.94
2111,282,35,2025-08-14,4.03
2112,282,35,2025-08-16,1.33
2113,282,35,2025-08-17,3.14
2114,282,35,2025-08-18,1.62
2115,282,35,2025-08-20,2.48
2116,282,35,2025-08-21,2.66
2117,282,35,2025-08-24,1.51
2118,282,35,2025-08-27,6.39
2119,282,35,2025-08-30,6.64
2120,282,35,2025-08-31,2.57
2121,282,35,2025-09-02,2.22
2122,283,37,2025-12-17,3.26
2123,283,37,2025-12-18,5.65
2124,283,37,2025-12-21,6.82
2125,283,37,2025-12-22,2.67
2126,283,37,2025-12-25,4.25
2127,283,37,2025-12-28,3.16
2128,283,37,2025-12-31,1.29
2129,283,37,2026-01-03,3.92
2130,284,31,2025-04-18,1.02
2131,284,31,2025-04-19,3.64
2132,284,31,2025-04-22,5.21
2133,284,31,2025-04-25,2.86
2134,284,31,2025-04-27,6.92
2135,284,31,2025-04-28,5.66
2136,284,31,2025-04-29,4.03
2137,284,31,2025-05-02,3.74
2138,284,31,2025-05-03,4.21
2139,285,43,2025-07-20,2.71
2140,285,43,2025-07-23,3.67
2141,285,43,2025-07-24,1.78
2142,285,43,2025-07-27,5.53
2143,285,43,2025-07-28,6.97
2144,285,43,2025-07-31,1.57
2145,285,43,2025-08-01,3.93
2146,285,43,2025-08-04,5.76
2147,285,43,2025-08-06,6.89
2148,285,43,2025-08-08,3.28
2149,285,43,2025-08-10,5.48
2150,285,43,2025-08-12,6.07
2151,285,43,2025-08-15,4.68
2152,285,43,2025-08-16,5.64
2153,285,43,2025-08-17,2.73
2154,285,43,2025-08-20,6.13
2155,285,43,2025-08-21,1.3
2156,285,43,2025-08-23,1.8
2157,285,43,2025-08-24,4.32
2158,285,43,2025-08-25,5.88
2159,286,41,2025-11-19,4.61
2160,286,41,2025-11-20,5.67
2161,286,41,2025-11-21,2.58
2162,286,41,2025-11-24,2.86
2163,286,41,2025-11-26,3.98
2164,286,41,2025-11-27,3.16
2165,286,41,2025-11-28,0.69
2166,287,27,2025-04-28,5.53
2167,287,27,2025-05-01,5.12
2168,287,27,2025-05-02,2.46
2169,287,27,2025-05-04,2.84
2170,287,27,2025-05-06,2.15
2171,287,27,2025-05-09,1.63
2172,287,27,2025-05-10,2.93
2173,288,42,2025-05-27,3.36
2174,288,42,2025-05-30,6.65
2175,288,42,2025-05-31,3.48
2176,288,42,2025-06-02,4.51
2177,288,42,2025-06-03,3.52
2178,288,42,2025-06-06,4.22
2179,288,42,2025-06-09,2.82
2180,288,42,2025-06-10,5.72
2181,288,42,2025-06-12,3.72
2182,289,1,2025-05-16,6.32
2183,289,1,2025-05-17,2.19
2184,289,1,2025-05-19,4.09
2185,289,1,2025-05-22,6.42
2186,289,1,2025-05-23,5.19
2187,289,1,2025-05-26,1.89
2188,290,36,2025-11-20,1.05
2189,290,36,2025-11-23,5.11
2190,290,36,2025-11-24,6.52
2191,290,36,2025-11-25,5.95
2192,290,36,2025-11-28,5.35
2193,290,36,2025-11-29,2.87
2194,290,36,2025-12-01,4.27
2195,290,36,2025-12-02,6.39
2196,290,36,2025-12-05,1.05
2197,290,36,2025-12-08,1.45
2198,290,36,2025-12-10,1.1
2199,290,36,2025-12-13,2.9
2200,290,36,2025-12-16,1.82
2201,290,36,2025-12-17,3.82
2202,290,36,2025-12-19,6.55
2203,290,36,2025-12-22,1.44
2204,290,36,2025-12-25,3.32
2205,290,36,2025-12-27,1.64
2206,290,36,2025-12-28,6.08
2207,290,36,2025-12-29,1.72
2208,290,36,2025-12-30,6.5
2209,290,36,2026-01-01,5.1
2210,290,36,2026-01-02,2.83
2211,290,36,2026-01-03,1.48
2212,292,45,2025-05-28,5.26
2213,292,45,2025-05-30,3.64
2214,292,45,2025-06-01,0.29
2215,293,18,2025-04-02,3.52
2216,293,18,2025-04-05,1.47
2217,293,18,2025-04-08,5.34
2218,293,18,2025-04-11,3.77
2219,293,18,2025-04-13,4.91
2220,293,18,2025-04-16,2.87
2221,293,18,2025-04-18,1.08
2222,293,18,2025-04-21,5.7
2223,293,18,2025-04-22,5.13
2224,293,18,2025-04-24,1.19
2225,293,18,2025-04-27,3.97
2226,294,35,2025-12-01,1.74
2227,294,35,2025-12-03,4.19
2228,295,29,2025-12-11,5.32
2229,295,29,2025-12-12,3.44
2230,295,29,2025-12-14,3.28
2231,295,29,2025-12-16,2.23
2232,295,29,2025-12-19,1.81
2233,295,29,2025-12-21,1.23
2234,295,29,2025-12-24,6.03
2235,295,29,2025-12-25,0.48
2236,296,16,2025-08-15,2.46
2237,296,16,2025-08-17,5.08
2238,296,16,2025-08-18,5.95
2239,296,16,2025-08-21,6.56
2240,296,16,2025-08-23,1.13
2241,296,16,2025-08-26,4.4
2242,296,16,2025-08-28,2.45
2243,296,16,2025-08-31,3.93
2244,296,16,2025-09-02,5.59
2245,296,16,2025-09-04,2.79
2246,296,16,2025-09-06,5.62
2247,296,16,2025-09-07,6.66
2248,296,16,2025-09-10,6.17
2249,296,16,2025-09-12,4.2
2250,296,16,2025-09-15,4.98
2251,296,16,2025-09-18,6.47
2252,296,16,2025-09-20,4.34
2253,296,16,2025-09-23,3.64
2254,296,16,2025-09-25,5.34
2255,296,16,2025-09-26,4.16
2256,296,16,2025-09-27,3.81
2257,296,16,2025-09-30,2.66
2258,296,16,2025-10-01,2.17
2259,298,32,2025-07-30,5.6
2260,298,32,2025-07-31,3.3
2261,298,32,2025-08-02,3.85
2262,298,32,2025-08-05,1.19
2263,299,10,2025-11-12,6.31
2264,299,10,2025-11-15,1.78
2265,299,10,2025-11-16,1.42
2266,299,10,2025-11-19,3.74
2267,299,10,2025-11-22,6.2
2268,299,10,2025-11-25,2.91
2269,299,10,2025-11-28,1.1
2270,299,10,2025-12-01,1.52
2271,299,10,2025-12-04,0.28
2272,300,23,2025-08-08,3.93
2273,300,23,2025-08-10,2.46
2274,300,23,2025-08-11,3.61
2275,300,23,2025-08-13,3.36
2276,300,23,2025-08-14,1.22
2277,300,23,2025-08-17,6.88
2278,300,23,2025-08-18,0.96
2279,301,15,2025-11-24,1.45
2280,301,15,2025-11-27,3.98
2281,301,15,2025-11-28,1.08
2282,302,35,2025-04-02,3.14
2283,303,5,2025-05-13,2.82
2284,303,5,2025-05-14,2.62
2285,303,5,2025-05-16,5.27
2286,303,5,2025-05-18,5.26
2287,303,5,2025-05-21,0.53
2288,305,30,2025-04-28,2.86
2289,305,30,2025-05-01,1.31
2290,305,30,2025-05-03,4.59
2291,305,30,2025-05-05,1.96
2292,305,30,2025-05-07,6.43
2293,305,30,2025-05-09,0.07
2294,306,5,2025-11-08,6.95
2295,306,5,2025-11-10,2.39
2296,306,5,2025-11-12,5.91
2297,306,5,2025-11-14,6.6
2298,306,5,2025-11-16,1.12
2299,306,5,2025-11-17,6.97
2300,306,5,2025-11-19,3.56
2301,307,38,2025-05-26,4.21
2302,307,38,2025-05-29,2.35
2303,307,38,2025-06-01,6.36
2304,307,38,2025-06-04,7.0
2305,307,38,2025-06-05,4.03
2306,307,38,2025-06-07,2.99
2307,307,38,2025-06-09,3.55
2308,307,38,2025-06-10,5.03
2309,307,38,2025-06-11,5.93
2310,307,38,2025-06-13,1.54
2311,307,38,2025-06-15,1.14
2312,307,38,2025-06-18,5.54
2313,307,38,2025-06-19,4.33
2314,307,38,2025-06-22,3.97
2315,307,38,2025-06-25,3.35
2316,307,38,2025-06-26,2.98
2317,307,38,2025-06-28,2.03
2318,307,38,2025-06-29,2.38
2319,309,34,2025-07-17,6.91
2320,309,34,2025-07-18,4.56
2321,309,34,2025-07-20,1.64
2322,309,34,2025-07-23,2.0
2323,309,34,2025-07-26,1.01
2324,309,34,2025-07-28,4.57
2325,309,34,2025-07-31,5.11
2326,309,34,2025-08-01,1.7
2327,309,34,2025-08-04,2.72
2328,309,34,2025-08-06,1.22
2329,310,50,2025-11-14,3.42
2330,310,50,2025-11-16,6.31
2331,310,50,2025-11-19,5.49
2332,310,50,2025-11-20,6.78
2333,310,50,2025-11-23,0.88
2334,311,29,2025-05-29,2.6
2335,311,29,2025-06-01,2.98
2336,312,48,2025-04-16,5.26
2337,312,48,2025-04-19,2.53
2338,312,48,2025-04-20,3.58
2339,313,12,2025-04-03,5.11
2340,313,12,2025-04-06,2.43
2341,313,12,2025-04-09,3.74
2342,313,12,2025-04-11,5.21
2343,313,12,2025-04-13,4.38
2344,313,12,2025-04-16,2.52
2345,313,12,2025-04-18,4.25
2346,313,12,2025-04-21,1.19
2347,313,12,2025-04-22,3.25
2348,313,12,2025-04-24,3.78
2349,313,12,2025-04-27,4.93
2350,313,12,2025-04-29,5.85
2351,313,12,2025-05-02,3.94
2352,313,12,2025-05-04,6.24
2353,313,12,2025-05-05,3.82
2354,313,12,2025-05-07,1.79
2355,313,12,2025-05-09,6.91
2356,313,12,2025-05-10,6.31
2357,313,12,2025-05-13,2.92
2358,314,7,2025-11-30,5.85
2359,314,7,2025-12-02,2.2
2360,314,7,2025-12-04,2.56
2361,314,7,2025-12-05,4.65
2362,315,14,2025-11-29,3.7
2363,315,14,2025-12-01,6.91
2364,315,14,2025-12-03,5.75
2365,315,14,2025-12-06,6.57
2366,315,14,2025-12-09,3.28
2367,315,14,2025-12-11,5.21
2368,315,14,2025-12-14,4.74
2369,315,14,2025-12-17,2.45
2370,315,14,2025-12-20,3.27
2371,315,14,2025-12-23,6.17
2372,315,14,2025-12-25,5.46
2373,315,14,2025-12-26,2.43
2374,315,14,2025-12-29,4.56
2375,316,16,2025-06-14,5.24
2376,316,16,2025-06-15,6.0
2377,316,16,2025-06-18,3.26
2378,316,16,2025-06-19,1.94
2379,316,16,2025-06-22,4.29
2380,316,16,2025-06-24,6.5
2381,316,16,2025-06-27,1.24
2382,316,16,2025-06-28,2.4
2383,316,16,2025-07-01,4.64
2384,316,16,2025-07-03,2.43
2385,316,16,2025-07-04,4.74
2386,316,16,2025-07-05,1.18
2387,316,16,2025-07-08,3.02
2388,316,16,2025-07-10,6.29
2389,316,16,2025-07-13,1.15
2390,316,16,2025-07-16,4.05
2391,316,16,2025-07-17,0.15
2392,317,42,2025-07-20,1.25
2393,317,42,2025-07-22,1.72
2394,317,42,2025-07-25,1.12
2395,317,42,2025-07-26,5.86
2396,317,42,2025-07-28,1.04
2397,317,42,2025-07-30,5.74
2398,317,42,2025-08-02,1.87
2399,317,42,2025-08-05,5.04
2400,317,42,2025-08-08,2.2
2401,317,42,2025-08-09,2.74
2402,317,42,2025-08-11,5.52
2403,317,42,2025-08-12,3.49
2404,318,16,2025-05-19,4.02
2405,318,16,2025-05-20,4.49
2406,318,16,2025-05-21,1.51
2407,318,16,2025-05-22,1.52
2408,318,16,2025-05-25,6.68
2409,318,16,2025-05-26,1.1
2410,318,16,2025-05-29,5.84
2411,318,16,2025-06-01,2.48
2412,318,16,2025-06-04,6.53
2413,318,16,2025-06-05,2.12
2414,318,16,2025-06-08,4.03
2415,318,16,2025-06-09,1.98
2416,318,16,2025-06-12,4.66
2417,318,16,2025-06-13,3.28
2418,318,16,2025-06-15,1.2
2419,318,16,2025-06-18,3.39
2420,318,16,2025-06-21,4.98
2421,318,16,2025-06-23,5.52
2422,318,16,2025-06-26,1.22
2423,318,16,2025-06-27,4.29
2424,318,16,2025-06-29,4.84
2425,318,16,2025-06-30,3.28
2426,318,16,2025-07-02,3.4
2427,318,16,2025-07-04,5.78
2428,318,16,2025-07-07,1.05
2429,321,46,2025-12-01,1.87
2430,321,46,2025-12-03,4.94
2431,321,46,2025-12-06,3.11
2432,321,46,2025-12-07,6.5
2433,321,46,2025-12-09,6.53
2434,321,46,2025-12-12,3.7
2435,321,46,2025-12-15,1.14
2436,322,7,2025-06-12,3.49
2437,322,7,2025-06-14,2.47
2438,322,7,2025-06-17,4.64
2439,323,35,2025-11-12,3.53
2440,323,35,2025-11-13,1.47
2441,323,35,2025-11-16,4.65
2442,323,35,2025-11-19,6.36
2443,323,35,2025-11-20,3.48
2444,323,35,2025-11-23,3.68
2445,323,35,2025-11-24,3.51
2446,323,35,2025-11-26,5.02
2447,324,11,2025-07-23,5.2
2448,324,11,2025-07-25,6.88
2449,324,11,2025-07-28,2.02
2450,326,24,2025-04-18,4.78
2451,326,24,2025-04-21,4.28
2452,326,24,2025-04-22,6.05
2453,326,24,2025-04-23,4.18
2454,326,24,2025-04-25,3.84
2455,327,23,2025-05-27,5.14
2456,327,23,2025-05-28,4.7
2457,327,23,2025-05-30,4.53
2458,327,23,2025-06-02,5.51
2459,327,23,2025-06-05,5.23
2460,327,23,2025-06-08,3.77
2461,327,23,2025-06-10,4.49
2462,327,23,2025-06-13,5.48
2463,327,23,2025-06-16,4.95
2464,327,23,2025-06-18,1.96
2465,327,23,2025-06-19,4.27
2466,327,23,2025-06-20,3.15
2467,330,44,2025-11-25,2.25
2468,330,44,2025-11-28,5.27
2469,330,44,2025-11-29,0.27
2470,331,3,2025-06-03,6.39
2471,331,3,2025-06-06,1.38
2472,331,3,2025-06-09,4.93
2473,331,3,2025-06-10,5.17
2474,331,3,2025-06-13,2.78
2475,331,3,2025-06-14,4.71
2476,331,3,2025-06-15,3.85
2477,332,50,2025-12-11,4.42
2478,332,50,2025-12-13,5.67
2479,332,50,2025-12-14,6.18
2480,332,50,2025-12-17,5.85
2481,332,50,2025-12-20,6.1
2482,332,50,2025-12-22,0.59
2483,333,41,2025-05-29,3.9
2484,333,41,2025-06-01,2.71
2485,333,41,2025-06-04,5.44
2486,333,41,2025-06-06,0.73
2487,334,21,2025-07-26,5.44
2488,334,21,2025-07-27,3.04
2489,334,21,2025-07-30,0.18
2490,335,33,2025-04-23,1.05
2491,335,33,2025-04-25,0.98
2492,336,30,2025-11-18,6.72
2493,336,30,2025-11-19,1.59
2494,336,30,2025-11-22,4.0
2495,336,30,2025-11-24,2.4
2496,336,30,2025-11-27,1.1
2497,336,30,2025-11-30,1.11
2498,336,30,2025-12-02,4.53
2499,336,30,2025-12-04,6.77
2500,336,30,2025-12-07,1.21
2501,337,46,2025-05-01,4.59
2502,337,46,2025-05-02,1.67
2503,337,46,2025-05-03,2.49
2504,337,46,2025-05-06,6.38
2505,337,46,2025-05-08,1.46
2506,337,46,2025-05-09,4.03
2507,337,46,2025-05-10,4.67
2508,337,46,2025-05-11,4.48
2509,337,46,2025-05-14,3.42
2510,337,46,2025-05-17,5.16
2511,337,46,2025-05-19,6.53
2512,337,46,2025-05-21,3.23
2513,337,46,2025-05-24,3.4
2514,337,46,2025-05-26,3.38
2515,337,46,2025-05-28,1.31
2516,337,46,2025-05-30,6.68
2517,337,46,2025-06-02,5.17
2518,337,46,2025-06-04,5.01
2519,337,46,2025-06-05,3.7
2520,337,46,2025-06-07,3.71
2521,338,37,2025-11-28,1.23
2522,338,37,2025-12-01,5.32
2523,338,37,2025-12-02,2.27
2524,338,37,2025-12-04,4.91
2525,338,37,2025-12-06,3.23
2526,338,37,2025-12-08,6.7
2527,338,37,2025-12-11,5.86
2528,338,37,2025-12-13,4.88
2529,338,37,2025-12-16,6.42
2530,338,37,2025-12-18,3.45
2531,338,37,2025-12-19,3.69
2532,338,37,2025-12-20,5.97
2533,338,37,2025-12-22,4.37
2534,338,37,2025-12-23,5.38
2535,338,37,2025-12-26,2.25
2536,338,37,2025-12-28,5.1
2537,338,37,2025-12-30,3.66
2538,340,3,2025-11-19,4.09
2539,340,3,2025-11-22,6.07
2540,340,3,2025-11-25,1.61
2541,340,3,2025-11-26,6.15
2542,340,3,2025-11-27,3.04
2543,340,3,2025-11-30,5.91
2544,340,3,2025-12-01,5.09
2545,341,48,2025-11-17,4.57
2546,341,48,2025-11-20,6.14
2547,341,48,2025-11-23,4.68
2548,341,48,2025-11-26,4.08
2549,341,48,2025-11-28,1.68
2550,341,48,2025-12-01,2.79
2551,342,13,2025-12-24,2.7
2552,342,13,2025-12-27,2.05
2553,342,13,2025-12-30,1.16
2554,342,13,2026-01-01,4.63
2555,342,13,2026-01-02,6.54
2556,342,13,2026-01-04,5.76
2557,342,13,2026-01-06,6.42
2558,342,13,2026-01-07,2.83
2559,342,13,2026-01-08,5.25
2560,342,13,2026-01-09,4.66
2561,342,13,2026-01-10,6.54
2562,342,13,2026-01-11,2.16
2563,342,13,2026-01-13,5.98
2564,342,13,2026-01-15,4.85
2565,342,13,2026-01-17,5.27
2566,342,13,2026-01-18,5.66
2567,342,13,2026-01-20,2.84
2568,342,13,2026-01-21,5.48
2569,342,13,2026-01-23,1.69
2570,343,21,2025-05-28,1.48
2571,343,21,2025-05-29,5.57
2572,343,21,2025-05-30,3.47
2573,343,21,2025-05-31,6.09
2574,343,21,2025-06-02,3.87
2575,343,21,2025-06-04,6.41
2576,343,21,2025-06-05,3.89
2577,344,40,2025-06-16,5.73
2578,344,40,2025-06-18,6.19
2579,344,40,2025-06-19,0.58
2580,345,20,2025-09-30,2.43
2581,345,20,2025-10-01,3.11
2582,345,20,2025-10-02,4.32
2583,345,20,2025-10-03,3.25
2584,345,20,2025-10-04,3.14
2585,345,20,2025-10-07,6.22
2586,345,20,2025-10-10,4.99
2587,345,20,2025-10-12,0.7
2588,346,17,2025-11-08,3.31
2589,346,17,2025-11-10,4.45
2590,346,17,2025-11-11,6.91
2591,346,17,2025-11-12,1.03
2592,346,17,2025-11-15,2.28
2593,346,17,2025-11-18,1.87
2594,346,17,2025-11-19,5.77
2595,346,17,2025-11-22,6.43
2596,346,17,2025-11-24,5.37
2597,346,17,2025-11-27,1.35
2598,346,17,2025-11-29,5.42
2599,346,17,2025-12-01,2.22
2600,346,17,2025-12-02,4.12
2601,346,17,2025-12-04,3.93
2602,346,17,2025-12-06,4.02
2603,346,17,2025-12-09,6.96
2604,346,17,2025-12-10,5.14
2605,346,17,2025-12-13,2.38
2606,347,17,2025-08-02,3.96
2607,347,17,2025-08-04,2.5
2608,347,17,2025-08-07,6.87
2609,347,17,2025-08-09,6.18
2610,347,17,2025-08-12,3.36
2611,347,17,2025-08-13,4.13
2612,347,17,2025-08-15,1.77
2613,347,17,2025-08-17,1.48
2614,348,48,2025-08-07,6.64
2615,348,48,2025-08-09,6.07
2616,348,48,2025-08-12,5.12
2617,348,48,2025-08-14,4.3
2618,348,48,2025-08-16,5.2
2619,348,48,2025-08-18,1.77
2620,349,17,2025-07-19,5.65
2621,349,17,2025-07-20,1.05
2622,349,17,2025-07-23,1.57
2623,349,17,2025-07-26,4.31
2624,349,17,2025-07-29,5.36
2625,349,17,2025-07-31,5.73
2626,349,17,2025-08-03,3.21
2627,349,17,2025-08-06,4.49
2628,349,17,2025-08-08,6.51
2629,349,17,2025-08-10,4.42
2630,349,17,2025-08-13,4.26
2631,349,17,2025-08-15,3.96
2632,349,17,2025-08-16,2.84
2633,349,17,2025-08-17,3.99
2634,349,17,2025-08-18,4.63
2635,349,17,2025-08-21,3.5
2636,349,17,2025-08-23,6.41
2637,349,17,2025-08-24,0.22
2638,350,44,2025-11-17,6.06
2639,350,44,2025-11-18,5.67
2640,350,44,2025-11-21,1.68
2641,350,44,2025-11-22,4.96
2642,350,44,2025-11-23,2.08
2643,350,44,2025-11-26,3.85
2644,350,44,2025-11-27,0.46
2645,351,26,2025-08-12,6.55
2646,351,26,2025-08-14,2.26
2647,351,26,2025-08-17,5.85
2648,351,26,2025-08-20,1.55
2649,351,26,2025-08-21,1.01
2650,351,26,2025-08-24,3.54
2651,351,26,2025-08-25,3.68
2652,351,26,2025-08-28,2.79
2653,351,26,2025-08-29,1.4
2654,351,26,2025-09-01,3.62
2655,352,46,2025-06-07,6.73
2656,352,46,2025-06-10,3.62
2657,352,46,2025-06-13,2.6
2658,352,46,2025-06-16,4.0
2659,352,46,2025-06-18,2.9
2660,353,12,2025-07-28,1.08
2661,353,12,2025-07-31,5.49
2662,353,12,2025-08-01,4.42
2663,353,12,2025-08-02,4.67
2664,353,12,2025-08-04,2.34
2665,353,12,2025-08-06,3.5
2666,353,12,2025-08-07,2.23
2667,353,12,2025-08-09,4.91
2668,353,12,2025-08-12,4.52
2669,353,12,2025-08-15,4.45
2670,353,12,2025-08-18,2.78
2671,353,12,2025-08-19,2.31
2672,353,12,2025-08-22,3.97
2673,353,12,2025-08-25,4.43
2674,353,12,2025-08-27,4.11
2675,353,12,2025-08-29,5.88
2676,353,12,2025-08-30,2.89
2677,353,12,2025-09-01,3.98
2678,353,12,2025-09-02,4.75
2679,353,12,2025-09-04,1.78
2680,353,12,2025-09-05,5.92
2681,353,12,2025-09-08,6.48
2682,353,12,2025-09-09,3.38
2683,353,12,2025-09-12,3.49
2684,353,12,2025-09-15,4.23
2685,353,12,2025-09-16,3.47
2686,353,12,2025-09-17,2.71
2687,353,12,2025-09-19,2.13
2688,354,8,2025-05-30,6.0
2689,354,8,2025-05-31,3.98
2690,354,8,2025-06-02,4.59
2691,354,8,2025-06-04,4.0
2692,355,9,2025-12-08,4.61
2693,355,9,2025-12-09,2.59
2694,355,9,2025-12-12,4.2
2695,355,9,2025-12-15,2.07
2696,355,9,2025-12-16,1.74
2697,355,9,2025-12-17,3.87
2698,355,9,2025-12-18,3.02
2699,355,9,2025-12-19,3.68
2700,355,9,2025-12-22,2.81
2701,356,27,2025-08-05,4.02
2702,356,27,2025-08-08,3.28
2703,356,27,2025-08-11,4.18
2704,356,27,2025-08-14,6.54
2705,356,27,2025-08-16,3.06
2706,356,27,2025-08-19,1.04
2707,356,27,2025-08-20,6.94
2708,356,27,2025-08-23,1.3
2709,357,20,2025-04-29,6.97
2710,357,20,2025-05-01,3.88
2711,357,20,2025-05-03,3.93
2712,358,21,2025-06-09,5.07
2713,358,21,2025-06-11,2.08
2714,358,21,2025-06-12,5.15
2715,358,21,2025-06-14,6.29
2716,358,21,2025-06-17,2.7
2717,358,21,2025-06-18,2.25
2718,358,21,2025-06-19,5.06
2719,358,21,2025-06-22,2.58
2720,359,37,2025-08-05,4.59
2721,359,37,2025-08-08,3.48
2722,359,37,2025-08-10,2.68
2723,359,37,2025-08-11,2.79
2724,359,37,2025-08-12,1.48
2725,359,37,2025-08-14,4.96
2726,359,37,2025-08-15,2.09
2727,359,37,2025-08-18,3.87
2728,359,37,2025-08-19,5.12
2729,359,37,2025-08-20,5.69
2730,359,37,2025-08-22,6.28
2731,359,37,2025-08-25,1.14
2732,359,37,2025-08-26,2.24
2733,359,37,2025-08-28,5.43
2734,359,37,2025-08-30,2.2
2735,359,37,2025-08-31,2.64
2736,359,37,2025-09-02,3.58
2737,359,37,2025-09-05,2.23
2738,359,37,2025-09-07,3.16
2739,359,37,2025-09-10,2.1
2740,359,37,2025-09-12,2.72
2741,359,37,2025-09-15,0.9
2742,360,27,2025-06-07,2.92
2743,360,27,2025-06-08,1.76
2744,360,27,2025-06-09,2.78
2745,360,27,2025-06-11,2.21
2746,360,27,2025-06-13,4.77
2747,360,27,2025-06-15,2.78
2748,360,27,2025-06-18,3.96
2749,360,27,2025-06-20,2.32
2750,360,27,2025-06-21,1.35
2751,360,27,2025-06-24,3.07
2752,361,21,2025-11-05,4.02
2753,361,21,2025-11-08,5.9
2754,361,21,2025-11-11,5.47
2755,361,21,2025-11-13,4.56
2756,361,21,2025-11-14,6.12
2757,361,21,2025-11-16,1.73
2758,361,21,2025-11-18,1.17
2759,362,3,2025-07-19,3.86
2760,362,3,2025-07-22,3.49
2761,362,3,2025-07-23,1.61
2762,362,3,2025-07-26,5.48
2763,362,3,2025-07-29,3.81
2764,362,3,2025-08-01,1.45
2765,362,3,2025-08-03,3.32
2766,362,3,2025-08-04,1.15
2767,362,3,2025-08-06,3.75
2768,362,3,2025-08-09,4.27
2769,362,3,2025-08-12,4.91
2770,362,3,2025-08-14,1.62
2771,362,3,2025-08-17,6.09
2772,362,3,2025-08-20,1.76
2773,362,3,2025-08-21,4.4
2774,362,3,2025-08-22,3.9
2775,362,3,2025-08-24,3.23
2776,362,3,2025-08-26,2.29
2777,362,3,2025-08-29,6.93
2778,362,3,2025-09-01,3.54
2779,363,33,2025-10-05,6.0
2780,363,33,2025-10-07,1.75
2781,364,48,2025-11-25,4.4
2782,364,48,2025-11-27,2.74
2783,364,48,2025-11-30,3.81
2784,364,48,2025-12-03,2.31
2785,364,48,2025-12-06,5.76
2786,364,48,2025-12-07,1.9
2787,364,48,2025-12-08,3.79
2788,364,48,2025-12-09,6.58
2789,364,48,2025-12-12,4.28
2790,364,48,2025-12-14,2.3
2791,364,48,2025-12-16,5.54
2792,364,48,2025-12-18,5.35
2793,364,48,2025-12-19,5.53
2794,364,48,2025-12-20,3.02
2795,364,48,2025-12-22,6.43
2796,364,48,2025-12-25,4.15
2797,364,48,2025-12-26,6.62
2798,364,48,2025-12-29,0.11
2799,366,36,2025-11-28,3.1
2800,366,36,2025-11-29,6.22
2801,366,36,2025-12-02,2.78
2802,366,36,2025-12-05,6.06
2803,366,36,2025-12-08,4.27
2804,366,36,2025-12-10,3.06
2805,366,36,2025-12-12,2.37
2806,366,36,2025-12-15,5.85
2807,366,36,2025-12-17,6.01
2808,366,36,2025-12-19,3.35
2809,366,36,2025-12-21,4.81
2810,366,36,2025-12-24,6.2
2811,366,36,2025-12-27,3.7
2812,366,36,2025-12-29,6.59
2813,366,36,2025-12-31,1.09
2814,366,36,2026-01-02,2.4
2815,366,36,2026-01-03,5.94
2816,366,36,2026-01-04,3.32
2817,366,36,2026-01-05,3.25
2818,366,36,2026-01-07,1.86
2819,367,23,2025-06-11,2.87
2820,367,23,2025-06-14,3.47
2821,367,23,2025-06-16,3.52
2822,367,23,2025-06-19,5.84
2823,367,23,2025-06-21,4.7
2824,367,23,2025-06-23,3.95
2825,367,23,2025-06-26,2.53
2826,367,23,2025-06-29,3.01
2827,367,23,2025-07-02,2.48
2828,367,23,2025-07-04,6.11
2829,367,23,2025-07-06,5.88
2830,367,23,2025-07-09,1.88
2831,367,23,2025-07-10,1.84
2832,367,23,2025-07-11,4.57
2833,367,23,2025-07-14,3.03
2834,367,23,2025-07-15,6.13
2835,368,17,2025-12-07,3.37
2836,368,17,2025-12-10,4.22
2837,368,17,2025-12-11,6.22
2838,368,17,2025-12-13,5.85
2839,368,17,2025-12-14,4.11
2840,369,34,2025-06-15,3.54
2841,369,34,2025-06-18,5.51
2842,369,34,2025-06-19,5.22
2843,369,34,2025-06-22,3.69
2844,371,25,2025-09-14,4.7
2845,371,25,2025-09-16,4.83
2846,371,25,2025-09-17,1.03
2847,373,6,2025-12-12,2.38
2848,373,6,2025-12-13,2.58
2849,373,6,2025-12-14,5.29
2850,373,6,2025-12-16,4.76
2851,373,6,2025-12-17,4.01
2852,373,6,2025-12-19,0.08
2853,374,14,2025-11-30,6.67
2854,374,14,2025-12-03,2.46
2855,374,14,2025-12-05,5.57
2856,374,14,2025-12-07,1.79
2857,374,14,2025-12-10,3.35
2858,374,14,2025-12-13,4.27
2859,374,14,2025-12-15,1.08
2860,374,14,2025-12-16,5.18
2861,374,14,2025-12-17,1.45
2862,374,14,2025-12-20,4.31
2863,374,14,2025-12-22,3.18
2864,374,14,2025-12-24,4.35
2865,374,14,2025-12-25,5.23
2866,374,14,2025-12-28,5.81
2867,374,14,2025-12-30,3.05
2868,375,25,2025-09-16,3.39
2869,375,25,2025-09-18,3.29
2870,375,25,2025-09-20,4.35
2871,375,25,2025-09-22,1.73
2872,375,25,2025-09-23,4.73
2873,375,25,2025-09-24,3.95
2874,375,25,2025-09-25,5.01
2875,375,25,2025-09-26,1.92
2876,375,25,2025-09-28,5.68
2877,375,25,2025-10-01,2.1
2878,375,25,2025-10-03,2.57
2879,376,49,2025-08-11,5.76
2880,376,49,2025-08-12,5.1
2881,376,49,2025-08-15,2.59
2882,376,49,2025-08-16,2.9
2883,377,8,2025-11-10,6.89
2884,377,8,2025-11-12,0.01
2885,378,23,2025-04-04,2.09
2886,378,23,2025-04-05,2.75
2887,378,23,2025-04-07,4.69
2888,378,23,2025-04-09,6.82
2889,378,23,2025-04-10,3.36
2890,378,23,2025-04-11,5.59
2891,378,23,2025-04-14,5.21
2892,378,23,2025-04-15,6.48
2893,378,23,2025-04-17,4.5
2894,378,23,2025-04-18,2.79
2895,378,23,2025-04-19,6.62
2896,378,23,2025-04-20,5.17
2897,378,23,2025-04-21,0.13
2898,379,42,2025-09-18,1.57
2899,379,42,2025-09-21,3.55
2900,379,42,2025-09-24,3.37
2901,379,42,2025-09-26,3.63
2902,379,42,2025-09-28,2.4
2903,379,42,2025-09-29,6.44
2904,379,42,2025-10-01,6.61
2905,379,42,2025-10-04,3.56
2906,379,42,2025-10-06,4.12
2907,379,42,2025-10-09,3.27
2908,379,42,2025-10-12,6.77
2909,379,42,2025-10-13,3.35
2910,379,42,2025-10-16,3.33
2911,379,42,2025-10-17,4.18
2912,379,42,2025-10-20,1.69
2913,379,42,2025-10-23,6.64
2914,379,42,2025-10-24,1.27
2915,379,42,2025-10-25,0.07
2916,380,40,2025-12-12,4.28
2917,380,40,2025-12-14,4.21
2918,380,40,2025-12-17,1.85
2919,380,40,2025-12-18,4.91
2920,380,40,2025-12-21,4.46
2921,380,40,2025-12-24,6.1
2922,380,40,2025-12-25,6.12
2923,380,40,2025-12-28,3.86
2924,380,40,2025-12-29,4.75
2925,380,40,2026-01-01,5.75
2926,380,40,2026-01-04,1.16
2927,380,40,2026-01-07,5.0
2928,380,40,2026-01-10,3.46
2929,380,40,2026-01-13,3.11
2930,380,40,2026-01-16,6.89
2931,380,40,2026-01-18,4.08
2932,380,40,2026-01-21,1.84
2933,380,40,2026-01-23,3.77
2934,380,40,2026-01-26,4.54
2935,380,40,2026-01-28,3.29
2936,380,40,2026-01-30,6.01
2937,381,34,2025-08-16,3.42
2938,381,34,2025-08-18,4.33
2939,381,34,2025-08-21,1.59
2940,381,34,2025-08-24,5.02
2941,381,34,2025-08-26,6.18
2942,381,34,2025-08-29,2.92
2943,381,34,2025-08-31,5.21
2944,381,34,2025-09-02,1.75
2945,381,34,2025-09-04,4.62
2946,381,34,2025-09-07,4.0
2947,381,34,2025-09-09,3.5
2948,381,34,2025-09-11,4.74
2949,381,34,2025-09-13,6.19
2950,381,34,2025-09-15,6.97
2951,381,34,2025-09-17,1.32
2952,381,34,2025-09-18,5.12
2953,381,34,2025-09-20,4.77
2954,381,34,2025-09-22,1.49
2955,381,34,2025-09-23,0.34
2956,382,6,2025-07-20,5.85
2957,382,6,2025-07-21,5.36
2958,382,6,2025-07-24,6.05
2959,382,6,2025-07-25,5.71
2960,382,6,2025-07-28,4.21
2961,382,6,2025-07-31,0.25
2962,383,39,2025-08-10,1.2
2963,383,39,2025-08-11,1.26
2964,383,39,2025-08-14,4.31
2965,383,39,2025-08-17,5.77
2966,383,39,2025-08-18,1.69
2967,383,39,2025-08-19,1.79
2968,384,34,2025-04-14,2.18
2969,384,34,2025-04-15,6.98
2970,384,34,2025-04-18,5.79
2971,384,34,2025-04-20,1.2
2972,384,34,2025-04-22,4.87
2973,384,34,2025-04-25,0.21
2974,385,28,2025-08-08,6.83
2975,385,28,2025-08-10,4.32
2976,385,28,2025-08-12,1.35
2977,386,32,2025-08-15,4.37
2978,386,32,2025-08-16,5.9
2979,386,32,2025-08-17,1.11
2980,386,32,2025-08-19,2.15
2981,386,32,2025-08-21,2.65
2982,386,32,2025-08-23,2.83
2983,386,32,2025-08-25,6.61
2984,386,32,2025-08-28,4.36
2985,386,32,2025-08-29,5.91
2986,387,11,2025-05-12,6.11
2987,387,11,2025-05-15,5.69
2988,387,11,2025-05-18,6.71
2989,387,11,2025-05-20,4.49
2990,387,11,2025-05-22,4.26
2991,387,11,2025-05-25,3.15
2992,388,47,2025-05-07,2.58
2993,388,47,2025-05-09,6.62
2994,388,47,2025-05-12,0.31
2995,389,35,2025-04-27,6.71
2996,389,35,2025-04-30,6.64
2997,389,35,2025-05-01,4.5
2998,389,35,2025-05-04,4.08
2999,389,35,2025-05-05,5.2
3000,392,44,2025-10-10,6.54
3001,392,44,2025-10-13,2.56
3002,393,18,2025-09-29,5.49
3003,393,18,2025-10-02,4.93
3004,393,18,2025-10-03,1.99
3005,393,18,2025-10-05,5.32
3006,393,18,2025-10-07,2.71
3007,393,18,2025-10-09,3.0
3008,393,18,2025-10-12,6.06
3009,393,18,2025-10-13,4.96
3010,393,18,2025-10-16,4.67
3011,393,18,2025-10-17,6.72
3012,393,18,2025-10-18,1.7
3013,393,18,2025-10-21,1.72
3014,393,18,2025-10-23,2.85
3015,394,44,2025-05-15,3.8
3016,396,25,2025-11-14,2.17
3017,396,25,2025-11-16,1.21
3018,396,25,2025-11-19,4.95
3019,396,25,2025-11-22,3.07
3020,397,4,2025-12-14,3.72
3021,397,4,2025-12-15,2.79
3022,397,4,2025-12-16,0.7
3023,398,22,2025-10-10,4.03
3024,398,22,2025-10-11,6.73
3025,398,22,2025-10-14,6.73
3026,398,22,2025-10-17,1.02
3027,398,22,2025-10-18,5.67
3028,398,22,2025-10-21,2.76
3029,398,22,2025-10-22,2.61
3030,398,22,2025-10-24,3.25
3031,399,6,2025-04-12,1.01
3032,399,6,2025-04-14,3.47
3033,399,6,2025-04-16,5.45
3034,399,6,2025-04-19,2.75
3035,399,6,2025-04-20,4.63
3036,399,6,2025-04-23,2.04
3037,399,6,2025-04-26,2.13
3038,399,6,2025-04-28,6.84
3039,399,6,2025-04-30,5.92
3040,399,6,2025-05-02,6.1
3041,399,6,2025-05-04,2.91
3042,399,6,2025-05-07,5.62
3043,399,6,2025-05-10,3.13
3044,399,6,2025-05-13,2.95
3045,401,49,2025-05-18,1.51
3046,401,49,2025-05-20,2.38
3047,401,49,2025-05-23,2.52
3048,401,49,2025-05-26,1.51
3049,401,49,2025-05-29,6.91
3050,401,49,2025-05-30,6.51
3051,401,49,2025-05-31,4.57
3052,401,49,2025-06-01,5.45
3053,401,49,2025-06-04,5.09
3054,402,8,2025-04-28,3.74
3055,402,8,2025-04-29,2.1
3056,402,8,2025-05-01,4.68
3057,402,8,2025-05-02,1.0
3058,403,32,2025-10-29,1.91
3059,403,32,2025-10-30,2.95
3060,403,32,2025-11-02,5.05
3061,403,32,2025-11-04,1.22
3062,404,31,2025-12-02,5.95
3063,404,31,2025-12-05,3.42
3064,404,31,2025-12-06,6.84
3065,404,31,2025-12-08,2.06
3066,404,31,2025-12-10,3.42
3067,404,31,2025-12-11,5.68
3068,404,31,2025-12-13,1.98
3069,404,31,2025-12-16,1.44
3070,404,31,2025-12-17,1.19
3071,404,31,2025-12-20,5.41
3072,404,31,2025-12-23,1.55
3073,404,31,2025-12-24,0.25
3074,406,10,2025-11-09,5.11
3075,406,10,2025-11-11,1.49
3076,407,32,2025-04-09,2.31
3077,407,32,2025-04-10,1.54
3078,407,32,2025-04-12,1.57
3079,407,32,2025-04-13,1.81
3080,407,32,2025-04-16,0.53
3081,408,23,2025-12-23,3.48
3082,408,23,2025-12-25,2.94
3083,408,23,2025-12-26,2.77
3084,408,23,2025-12-27,2.58
3085,408,23,2025-12-30,2.07
3086,408,23,2026-01-01,4.46
3087,408,23,2026-01-03,4.49
3088,408,23,2026-01-05,4.61
3089,408,23,2026-01-08,4.73
3090,409,8,2025-11-09,6.88
3091,409,8,2025-11-11,3.79
3092,409,8,2025-11-12,3.33
3093,409,8,2025-11-13,5.22
3094,409,8,2025-11-16,6.48
3095,409,8,2025-11-19,3.94
3096,409,8,2025-11-21,1.87
3097,409,8,2025-11-23,4.44
3098,410,25,2025-06-09,6.13
3099,410,25,2025-06-11,2.11
3100,410,25,2025-06-14,1.92
3101,410,25,2025-06-15,6.42
3102,410,25,2025-06-17,2.36
3103,411,50,2025-07-24,6.54
3104,411,50,2025-07-26,1.8
3105,411,50,2025-07-29,5.67
3106,411,50,2025-08-01,6.59
3107,411,50,2025-08-04,1.23
3108,411,50,2025-08-06,4.9
3109,411,50,2025-08-07,3.85
3110,411,50,2025-08-08,3.63
3111,411,50,2025-08-11,1.68
3112,411,50,2025-08-12,5.66
3113,411,50,2025-08-13,6.85
3114,411,50,2025-08-14,2.95
3115,411,50,2025-08-15,2.7
3116,411,50,2025-08-16,5.79
3117,411,50,2025-08-17,5.24
3118,411,50,2025-08-18,1.11
3119,411,50,2025-08-19,1.48
3120,412,39,2025-07-21,5.73
3121,412,39,2025-07-22,1.23
3122,412,39,2025-07-23,1.78
3123,412,39,2025-07-25,3.56
3124,412,39,2025-07-26,2.75
3125,412,39,2025-07-27,6.46
3126,412,39,2025-07-29,2.23
3127,412,39,2025-08-01,6.91
3128,412,39,2025-08-02,3.83
3129,412,39,2025-08-03,6.78
3130,412,39,2025-08-06,3.7
3131,412,39,2025-08-07,5.32
3132,412,39,2025-08-09,4.43
3133,412,39,2025-08-11,5.32
3134,412,39,2025-08-12,6.36
3135,412,39,2025-08-13,3.2
3136,412,39,2025-08-16,4.51
3137,412,39,2025-08-19,2.05
3138,412,39,2025-08-21,1.46
3139,413,20,2025-11-20,1.04
3140,413,20,2025-11-21,2.98
3141,413,20,2025-11-22,3.07
3142,413,20,2025-11-25,3.53
3143,413,20,2025-11-28,1.14
3144,413,20,2025-11-30,6.77
3145,413,20,2025-12-02,6.2
3146,413,20,2025-12-05,3.4
3147,414,46,2025-11-22,1.15
3148,414,46,2025-11-24,5.32
3149,414,46,2025-11-27,1.58
3150,414,46,2025-11-30,6.04
3151,414,46,2025-12-01,5.39
3152,414,46,2025-12-03,5.07
3153,414,46,2025-12-05,2.51
3154,414,46,2025-12-08,4.03
3155,415,2,2025-11-25,1.27
3156,415,2,2025-11-28,1.54
3157,415,2,2025-12-01,1.78
3158,415,2,2025-12-02,1.07
3159,415,2,2025-12-05,1.29
3160,415,2,2025-12-06,6.78
3161,415,2,2025-12-07,1.37
3162,415,2,2025-12-09,5.8
3163,415,2,2025-12-10,2.65
3164,415,2,2025-12-13,1.56
3165,415,2,2025-12-15,5.08
3166,415,2,2025-12-18,2.03
3167,416,13,2025-12-12,1.08
3168,416,13,2025-12-14,6.65
3169,416,13,2025-12-16,1.36
3170,416,13,2025-12-19,3.31
3171,416,13,2025-12-20,4.93
3172,416,13,2025-12-23,4.18
3173,417,39,2025-05-21,5.72
3174,417,39,2025-05-23,5.28
3175,417,39,2025-05-26,2.8
3176,417,39,2025-05-29,5.35
3177,417,39,2025-05-31,1.75
3178,417,39,2025-06-01,2.19
3179,417,39,2025-06-03,1.86
3180,417,39,2025-06-04,4.26
3181,417,39,2025-06-07,1.3
3182,417,39,2025-06-08,3.8
3183,417,39,2025-06-10,1.19
3184,417,39,2025-06-11,6.07
3185,417,39,2025-06-13,2.57
3186,417,39,2025-06-16,2.42
3187,417,39,2025-06-19,5.88
3188,417,39,2025-06-20,1.42
3189,417,39,2025-06-22,3.71
3190,417,39,2025-06-24,6.37
3191,417,39,2025-06-27,1.66
3192,417,39,2025-06-28,2.45
3193,417,39,2025-06-30,2.21
3194,417,39,2025-07-02,2.98
3195,417,39,2025-07-04,3.5
3196,417,39,2025-07-05,3.48
3197,417,39,2025-07-06,1.5
3198,418,46,2025-06-02,4.91
3199,418,46,2025-06-04,3.79
3200,418,46,2025-06-05,6.37
3201,418,46,2025-06-07,4.24
3202,418,46,2025-06-08,6.68
3203,418,46,2025-06-10,3.23
3204,418,46,2025-06-11,1.1
3205,419,9,2025-12-24,6.58
3206,419,9,2025-12-26,6.56
3207,419,9,2025-12-27,5.13
3208,419,9,2025-12-28,6.71
3209,419,9,2025-12-30,4.32
3210,419,9,2026-01-01,6.45
3211,419,9,2026-01-02,6.83
3212,419,9,2026-01-04,2.84
3213,419,9,2026-01-06,5.5
3214,419,9,2026-01-08,5.46
3215,419,9,2026-01-09,4.64
3216,419,9,2026-01-12,2.49
3217,419,9,2026-01-14,4.08
3218,419,9,2026-01-16,2.75
3219,419,9,2026-01-17,1.4
3220,419,9,2026-01-19,4.11
3221,419,9,2026-01-20,2.46
3222,419,9,2026-01-21,5.12
3223,420,37,2025-04-03,5.2
3224,420,37,2025-04-04,1.4
3225,420,37,2025-04-07,2.41
3226,420,37,2025-04-10,2.54
3227,420,37,2025-04-12,1.12
3228,420,37,2025-04-15,6.8
3229,420,37,2025-04-17,4.22
3230,420,37,2025-04-20,0.31
3231,421,18,2025-12-16,3.47
3232,422,32,2025-11-10,3.43
3233,422,32,2025-11-11,1.19
3234,422,32,2025-11-14,3.86
3235,422,32,2025-11-16,1.66
3236,422,32,2025-11-17,1.67
3237,423,23,2025-08-08,4.62
3238,423,23,2025-08-10,6.32
3239,423,23,2025-08-11,3.89
3240,423,23,2025-08-12,6.09
3241,423,23,2025-08-15,2.53
3242,423,23,2025-08-17,5.34
3243,423,23,2025-08-18,1.32
3244,423,23,2025-08-20,2.08
3245,423,23,2025-08-23,4.1
3246,423,23,2025-08-24,2.29
3247,423,23,2025-08-26,6.93
3248,423,23,2025-08-27,3.3
3249,423,23,2025-08-29,6.64
3250,423,23,2025-08-30,1.07
3251,424,14,2025-10-29,5.88
3252,424,14,2025-10-31,2.08
3253,424,14,2025-11-03,5.7
3254,424,14,2025-11-06,6.64
3255,424,14,2025-11-07,2.6
3256,424,14,2025-11-10,5.28
3257,424,14,2025-11-13,6.87
3258,424,14,2025-11-14,2.85
3259,424,14,2025-11-17,1.47
3260,424,14,2025-11-20,4.26
3261,424,14,2025-11-21,3.11
3262,424,14,2025-11-23,6.88
3263,424,14,2025-11-26,5.37
3264,424,14,2025-11-28,3.72
3265,424,14,2025-12-01,5.65
3266,424,14,2025-12-02,0.56
3267,425,47,2025-07-24,1.43
3268,425,47,2025-07-25,5.21
3269,425,47,2025-07-28,4.95
3270,425,47,2025-07-29,1.21
3271,426,4,2025-06-15,1.86
3272,426,4,2025-06-16,1.31
3273,426,4,2025-06-17,2.45
3274,426,4,2025-06-19,4.7
3275,426,4,2025-06-22,4.17
3276,426,4,2025-06-24,6.11
3277,426,4,2025-06-26,4.45
3278,426,4,2025-06-27,3.6
3279,426,4,2025-06-28,3.58
3280,427,15,2025-06-04,2.63
3281,428,47,2025-07-29,4.96
3282,428,47,2025-08-01,2.21
3283,428,47,2025-08-02,5.77
3284,428,47,2025-08-05,1.0
3285,429,35,2025-04-02,6.07
3286,429,35,2025-04-04,1.97
3287,429,35,2025-04-05,0.24
3288,430,13,2025-07-30,6.18
3289,430,13,2025-08-01,5.55
3290,430,13,2025-08-02,3.74
3291,430,13,2025-08-04,6.92
3292,430,13,2025-08-05,2.02
3293,430,13,2025-08-07,1.43
3294,430,13,2025-08-10,0.47
3295,431,44,2025-08-07,5.96
3296,431,44,2025-08-10,4.22
3297,432,12,2025-06-16,1.22
3298,432,12,2025-06-17,3.86
3299,432,12,2025-06-19,6.63
3300,432,12,2025-06-20,1.23
3301,432,12,2025-06-22,6.6
3302,432,12,2025-06-24,2.77
3303,432,12,2025-06-25,5.64
3304,432,12,2025-06-28,1.98
3305,432,12,2025-07-01,3.99
3306,432,12,2025-07-04,2.52
3307,432,12,2025-07-06,1.07
3308,432,12,2025-07-08,6.63
3309,432,12,2025-07-10,3.28
3310,432,12,2025-07-13,3.44
3311,432,12,2025-07-15,2.53
3312,432,12,2025-07-17,1.09
3313,432,12,2025-07-20,1.57
3314,432,12,2025-07-22,3.98
3315,432,12,2025-07-23,2.18
3316,432,12,2025-07-25,1.45
3317,433,33,2025-08-01,4.38
3318,433,33,2025-08-03,2.68
3319,433,33,2025-08-04,4.77
3320,433,33,2025-08-06,2.1
3321,433,33,2025-08-07,2.51
3322,433,33,2025-08-08,3.84
3323,433,33,2025-08-10,2.17
3324,433,33,2025-08-11,6.82
3325,433,33,2025-08-12,4.29
3326,433,33,2025-08-14,4.03
3327,433,33,2025-08-15,5.6
3328,433,33,2025-08-16,4.17
3329,433,33,2025-08-18,1.72
3330,433,33,2025-08-21,1.67
3331,434,24,2025-10-06,1.4
3332,434,24,2025-10-09,1.79
3333,436,16,2025-04-17,3.23
3334,436,16,2025-04-18,3.98
3335,436,16,2025-04-21,5.47
3336,436,16,2025-04-24,1.96
3337,436,16,2025-04-25,2.6
3338,436,16,2025-04-27,2.76
3339,436,16,2025-04-30,6.52
3340,436,16,2025-05-03,6.52
3341,436,16,2025-05-04,1.62
3342,436,16,2025-05-06,5.53
3343,436,16,2025-05-07,3.94
3344,436,16,2025-05-09,1.45
3345,436,16,2025-05-11,4.54
3346,436,16,2025-05-12,4.02
3347,436,16,2025-05-14,2.51
3348,436,16,2025-05-16,4.48
3349,436,16,2025-05-18,2.31
3350,436,16,2025-05-20,3.8
3351,436,16,2025-05-21,5.78
3352,436,16,2025-05-24,6.73
3353,436,16,2025-05-25,2.55
3354,436,16,2025-05-27,3.11
3355,437,35,2025-08-09,6.61
3356,437,35,2025-08-11,6.94
3357,437,35,2025-08-14,6.02
3358,437,35,2025-08-15,2.43
3359,437,35,2025-08-16,2.8
3360,437,35,2025-08-17,4.95
3361,437,35,2025-08-18,5.1
3362,437,35,2025-08-21,0.73
3363,438,34,2025-06-11,2.32
3364,438,34,2025-06-14,1.34
3365,438,34,2025-06-15,2.43
3366,438,34,2025-06-16,4.31
3367,438,34,2025-06-17,2.67
3368,438,34,2025-06-19,6.05
3369,438,34,2025-06-20,4.61
3370,438,34,2025-06-22,2.54
3371,438,34,2025-06-25,3.82
3372,438,34,2025-06-27,0.88
3373,439,49,2025-12-05,3.11
3374,439,49,2025-12-06,6.47
3375,439,49,2025-12-07,1.8
3376,439,49,2025-12-10,2.7
3377,440,31,2025-05-07,3.53
3378,441,34,2025-11-16,1.15
3379,441,34,2025-11-19,3.21
3380,441,34,2025-11-20,3.81
3381,441,34,2025-11-21,5.69
3382,441,34,2025-11-23,5.35
3383,441,34,2025-11-25,5.76
3384,441,34,2025-11-26,5.31
3385,441,34,2025-11-29,5.63
3386,441,34,2025-12-01,2.55
3387,441,34,2025-12-03,3.42
3388,441,34,2025-12-06,5.06
3389,441,34,2025-12-07,3.89
3390,441,34,2025-12-09,4.59
3391,441,34,2025-12-10,1.14
3392,442,41,2025-07-26,2.64
3393,442,41,2025-07-27,6.51
3394,442,41,2025-07-28,4.05
3395,442,41,2025-07-31,2.8
3396,443,39,2025-04-18,4.93
3397,443,39,2025-04-21,1.66
3398,443,39,2025-04-22,4.49
3399,443,39,2025-04-24,6.81
3400,443,39,2025-04-26,3.55
3401,443,39,2025-04-28,4.27
3402,443,39,2025-05-01,4.28
3403,443,39,2025-05-04,3.86
3404,443,39,2025-05-07,1.02
3405,443,39,2025-05-09,1.53
3406,443,39,2025-05-10,5.47
3407,443,39,2025-05-13,6.63
3408,443,39,2025-05-15,5.69
3409,443,39,2025-05-18,1.09
3410,444,29,2025-12-05,5.63
3411,444,29,2025-12-08,1.87
3412,444,29,2025-12-11,3.91
3413,444,29,2025-12-14,5.18
3414,444,29,2025-12-15,3.73
3415,444,29,2025-12-16,1.27
3416,445,25,2025-07-31,4.37
3417,445,25,2025-08-03,1.46
3418,445,25,2025-08-05,6.62
3419,445,25,2025-08-07,3.7
3420,445,25,2025-08-10,1.67
3421,445,25,2025-08-13,6.29
3422,445,25,2025-08-14,5.05
3423,445,25,2025-08-15,1.64
3424,445,25,2025-08-17,2.05
3425,446,17,2025-04-05,2.06
3426,446,17,2025-04-07,3.79
3427,446,17,2025-04-10,4.58
3428,446,17,2025-04-12,3.51
3429,446,17,2025-04-14,3.35
3430,446,17,2025-04-15,2.23
3431,446,17,2025-04-17,5.3
3432,446,17,2025-04-18,4.29
3433,446,17,2025-04-21,3.49
3434,447,1,2025-12-16,3.89
3435,447,1,2025-12-19,2.05
3436,448,15,2025-08-02,2.04
3437,449,44,2025-06-15,2.97
3438,449,44,2025-06-17,1.29
3439,449,44,2025-06-18,1.93
3440,449,44,2025-06-21,4.52
3441,449,44,2025-06-23,1.6
3442,450,46,2025-04-23,1.7
3443,450,46,2025-04-25,6.56
3444,450,46,2025-04-26,3.77
3445,450,46,2025-04-29,5.48
3446,450,46,2025-05-02,2.44
3447,450,46,2025-05-04,4.44
3448,450,46,2025-05-07,4.84
3449,450,46,2025-05-08,5.98
3450,450,46,2025-05-10,1.18
3451,450,46,2025-05-11,2.72
3452,450,46,2025-05-14,6.2
3453,450,46,2025-05-16,4.16
3454,450,46,2025-05-18,2.52
3455,450,46,2025-05-21,6.04
3456,450,46,2025-05-24,4.53
3457,450,46,2025-05-25,1.72
3458,450,46,2025-05-26,3.99
3459,450,46,2025-05-29,5.43
3460,450,46,2025-06-01,0.94
3461,451,10,2025-11-27,4.09
3462,451,10,2025-11-29,6.49
3463,451,10,2025-12-01,1.59
3464,451,10,2025-12-02,4.51
3465,451,10,2025-12-04,5.67
3466,451,10,2025-12-06,0.43
3467,452,32,2025-11-28,5.13
3468,452,32,2025-11-29,5.04
3469,452,32,2025-12-02,3.12
3470,453,29,2025-04-27,3.7
3471,453,29,2025-04-28,6.21
3472,453,29,2025-04-29,6.61
3473,453,29,2025-05-01,6.32
3474,453,29,2025-05-03,2.12
3475,453,29,2025-05-05,5.5
3476,453,29,2025-05-06,2.3
3477,453,29,2025-05-07,1.67
3478,453,29,2025-05-08,3.34
3479,453,29,2025-05-10,3.08
3480,453,29,2025-05-11,2.78
3481,453,29,2025-05-12,2.53
3482,453,29,2025-05-14,0.57
3483,454,42,2025-08-02,3.03
3484,454,42,2025-08-04,4.36
3485,454,42,2025-08-05,4.94
3486,454,42,2025-08-08,3.09
3487,454,42,2025-08-09,2.11
3488,454,42,2025-08-11,5.8
3489,454,42,2025-08-12,1.84
3490,455,3,2025-09-26,2.6
3491,455,3,2025-09-27,5.07
3492,455,3,2025-09-29,6.93
3493,455,3,2025-10-01,6.88
3494,455,3,2025-10-03,4.18
3495,455,3,2025-10-04,4.14
3496,455,3,2025-10-06,1.28
3497,455,3,2025-10-09,4.29
3498,455,3,2025-10-12,5.92
3499,455,3,2025-10-13,6.38
3500,455,3,2025-10-14,1.42
3501,455,3,2025-10-17,6.22
3502,455,3,2025-10-20,6.5
3503,455,3,2025-10-21,1.73
3504,455,3,2025-10-22,2.57
3505,455,3,2025-10-25,2.81
3506,455,3,2025-10-28,0.83
3507,456,2,2025-04-27,2.61
3508,456,2,2025-04-30,5.93
3509,456,2,2025-05-03,6.41
3510,456,2,2025-05-05,6.93
3511,456,2,2025-05-07,4.85
3512,456,2,2025-05-09,1.14
3513,456,2,2025-05-10,6.69
3514,456,2,2025-05-13,1.95
3515,456,2,2025-05-15,4.54
3516,456,2,2025-05-17,3.36
3517,456,2,2025-05-20,2.67
3518,456,2,2025-05-22,2.35
3519,456,2,2025-05-24,2.0
3520,456,2,2025-05-26,6.56
3521,456,2,2025-05-28,1.94
3522,456,2,2025-05-31,4.46
3523,456,2,2025-06-01,3.83
3524,456,2,2025-06-03,3.57
3525,456,2,2025-06-04,2.53
3526,456,2,2025-06-05,2.83
3527,456,2,2025-06-06,1.93
3528,456,2,2025-06-07,5.07
3529,456,2,2025-06-09,4.79
3530,456,2,2025-06-10,4.51
3531,456,2,2025-06-13,5.15
3532,456,2,2025-06-15,5.78
3533,456,2,2025-06-17,2.19
3534,457,36,2025-06-11,6.62
3535,457,36,2025-06-13,3.57
3536,457,36,2025-06-16,2.71
3537,457,36,2025-06-18,4.41
3538,457,36,2025-06-19,2.51
3539,457,36,2025-06-21,1.96
3540,457,36,2025-06-22,0.84
3541,458,48,2025-10-01,6.34
3542,458,48,2025-10-02,4.33
3543,458,48,2025-10-04,4.9
3544,458,48,2025-10-06,1.95
3545,458,48,2025-10-07,3.94
3546,459,30,2025-11-25,4.9
3547,459,30,2025-11-26,6.88
3548,459,30,2025-11-27,4.45
3549,459,30,2025-11-28,3.15
3550,459,30,2025-11-29,1.54
3551,459,30,2025-12-01,3.69
3552,459,30,2025-12-02,2.18
3553,460,17,2025-10-09,2.47
3554,460,17,2025-10-10,3.74
3555,460,17,2025-10-11,1.82
3556,460,17,2025-10-13,4.56
3557,460,17,2025-10-15,2.29
3558,460,17,2025-10-16,3.21
3559,460,17,2025-10-19,1.34
3560,460,17,2025-10-20,1.34
3561,460,17,2025-10-22,1.08
3562,460,17,2025-10-23,1.48
3563,461,12,2025-04-27,1.18
3564,461,12,2025-04-28,5.34
3565,461,12,2025-04-29,5.56
3566,461,12,2025-04-30,3.14
3567,461,12,2025-05-01,3.28
3568,461,12,2025-05-02,5.37
3569,461,12,2025-05-05,2.36
3570,461,12,2025-05-08,2.74
3571,461,12,2025-05-09,5.55
3572,461,12,2025-05-11,1.4
3573,461,12,2025-05-14,6.83
3574,461,12,2025-05-15,2.99
3575,461,12,2025-05-18,6.04
3576,461,12,2025-05-20,1.24
3577,461,12,2025-05-22,2.96
3578,461,12,2025-05-25,4.43
3579,461,12,2025-05-28,3.76
3580,461,12,2025-05-29,2.56
3581,462,33,2025-05-27,1.25
3582,462,33,2025-05-29,6.69
3583,462,33,2025-06-01,6.95
3584,462,33,2025-06-02,2.32
3585,462,33,2025-06-03,1.92
3586,462,33,2025-06-06,5.41
3587,462,33,2025-06-08,1.23
3588,463,17,2025-06-04,1.92
3589,463,17,2025-06-06,1.89
3590,463,17,2025-06-08,1.44
3591,463,17,2025-06-10,5.67
3592,463,17,2025-06-12,4.53
3593,463,17,2025-06-13,1.3
3594,464,7,2025-07-22,3.44
3595,464,7,2025-07-24,2.87
3596,464,7,2025-07-25,5.76
3597,464,7,2025-07-28,5.63
3598,464,7,2025-07-29,3.77
3599,464,7,2025-08-01,4.15
3600,464,7,2025-08-03,5.36
3601,465,2,2025-11-16,6.41
3602,465,2,2025-11-19,6.5
3603,465,2,2025-11-20,1.36
3604,465,2,2025-11-21,6.52
3605,465,2,2025-11-23,3.31
3606,465,2,2025-11-25,4.87
3607,465,2,2025-11-28,6.26
3608,465,2,2025-11-29,6.84
3609,465,2,2025-11-30,1.81
3610,465,2,2025-12-01,5.64
3611,465,2,2025-12-03,2.85
3612,465,2,2025-12-04,6.99
3613,465,2,2025-12-07,5.49
3614,465,2,2025-12-09,1.21
3615,465,2,2025-12-12,1.94
3616,465,2,2025-12-15,1.15
3617,465,2,2025-12-18,6.38
3618,466,22,2025-04-06,5.66
3619,466,22,2025-04-09,4.93
3620,466,22,2025-04-10,6.18
3621,466,22,2025-04-11,2.54
3622,466,22,2025-04-13,1.1
3623,466,22,2025-04-14,3.53
3624,466,22,2025-04-15,2.75
3625,466,22,2025-04-16,3.64
3626,466,22,2025-04-19,3.78
3627,466,22,2025-04-22,5.7
3628,466,22,2025-04-25,5.94
3629,466,22,2025-04-28,4.67
3630,468,35,2025-09-11,1.74
3631,468,35,2025-09-12,2.02
3632,468,35,2025-09-15,3.05
3633,468,35,2025-09-16,3.53
3634,469,37,2025-08-12,2.77
3635,469,37,2025-08-14,3.28
3636,469,37,2025-08-16,6.83
3637,469,37,2025-08-18,6.45
3638,469,37,2025-08-19,4.39
3639,469,37,2025-08-21,4.73
3640,469,37,2025-08-24,2.97
3641,469,37,2025-08-27,3.76
3642,470,29,2025-11-26,3.34
3643,471,26,2025-05-09,4.67
3644,471,26,2025-05-11,2.15
3645,471,26,2025-05-13,3.58
3646,471,26,2025-05-14,2.89
3647,471,26,2025-05-15,3.48
3648,471,26,2025-05-17,1.68
3649,471,26,2025-05-18,3.78
3650,471,26,2025-05-20,5.97
3651,471,26,2025-05-23,5.91
3652,471,26,2025-05-26,4.48
3653,472,7,2025-04-14,2.43
3654,472,7,2025-04-16,1.35
3655,472,7,2025-04-19,4.3
3656,472,7,2025-04-21,4.6
3657,472,7,2025-04-23,6.95
3658,472,7,2025-04-24,4.65
3659,472,7,2025-04-27,5.58
3660,472,7,2025-04-30,2.3
3661,472,7,2025-05-01,2.07
3662,472,7,2025-05-03,1.53
3663,472,7,2025-05-04,2.34
3664,472,7,2025-05-05,5.29
3665,472,7,2025-05-07,5.47
3666,472,7,2025-05-08,3.34
3667,472,7,2025-05-09,6.43
3668,472,7,2025-05-11,5.34
3669,472,7,2025-05-14,5.02
3670,472,7,2025-05-15,6.8
3671,472,7,2025-05-17,5.84
3672,474,23,2025-05-28,3.7
3673,474,23,2025-05-31,2.75
3674,474,23,2025-06-02,6.52
3675,474,23,2025-06-05,5.29
3676,474,23,2025-06-08,1.06
3677,474,23,2025-06-09,3.17
3678,474,23,2025-06-12,2.24
3679,474,23,2025-06-13,3.94
3680,475,18,2025-04-19,3.99
3681,475,18,2025-04-21,3.99
3682,475,18,2025-04-24,5.02
3683,475,18,2025-04-25,4.68
3684,475,18,2025-04-27,1.39
3685,475,18,2025-04-28,2.9
3686,475,18,2025-04-29,4.06
3687,475,18,2025-05-02,4.41
3688,476,26,2025-12-13,6.56
3689,476,26,2025-12-15,5.36
3690,476,26,2025-12-18,6.61
3691,476,26,2025-12-20,5.14
3692,476,26,2025-12-21,1.82
3693,476,26,2025-12-22,6.38
3694,476,26,2025-12-25,3.58
3695,476,26,2025-12-27,1.9
3696,476,26,2025-12-28,1.25
3697,477,14,2025-11-07,5.87
3698,477,14,2025-11-10,2.05
3699,477,14,2025-11-11,1.32
3700,477,14,2025-11-14,6.52
3701,477,14,2025-11-15,4.07
3702,477,14,2025-11-18,2.84
3703,477,14,2025-11-19,2.46
3704,478,29,2025-11-23,4.32
3705,478,29,2025-11-24,6.75
3706,478,29,2025-11-26,4.71
3707,478,29,2025-11-27,3.97
3708,479,21,2025-05-23,3.7
3709,479,21,2025-05-26,5.24
3710,480,36,2025-05-17,2.49
3711,480,36,2025-05-18,2.52
3712,480,36,2025-05-21,2.18
3713,480,36,2025-05-22,1.05
3714,480,36,2025-05-25,3.63
3715,480,36,2025-05-27,5.71
3716,480,36,2025-05-28,2.26
3717,480,36,2025-05-29,1.98
3718,480,36,2025-05-31,4.97
3719,480,36,2025-06-02,1.35
3720,480,36,2025-06-05,3.49
3721,480,36,2025-06-06,6.46
3722,480,36,2025-06-08,5.15
3723,480,36,2025-06-09,5.38
3724,480,36,2025-06-11,3.4
3725,480,36,2025-06-14,6.9
3726,480,36,2025-06-15,4.17
3727,480,36,2025-06-17,1.54
3728,480,36,2025-06-19,3.28
3729,482,44,2025-04-17,2.12
3730,482,44,2025-04-18,5.1
3731,482,44,2025-04-20,6.41
3732,482,44,2025-04-22,4.69
3733,482,44,2025-04-25,4.6
3734,482,44,2025-04-26,1.01
3735,482,44,2025-04-27,0.6
3736,483,46,2025-09-30,5.29
3737,483,46,2025-10-02,4.32
3738,483,46,2025-10-05,4.45
3739,483,46,2025-10-08,5.46
3740,483,46,2025-10-10,2.06
3741,483,46,2025-10-13,1.25
3742,483,46,2025-10-15,2.46
3743,483,46,2025-10-17,3.18
3744,484,44,2025-11-26,4.8
3745,484,44,2025-11-29,5.21
3746,484,44,2025-12-01,5.95
3747,484,44,2025-12-03,1.48
3748,484,44,2025-12-06,3.33
3749,484,44,2025-12-08,5.68
3750,484,44,2025-12-10,2.14
3751,485,46,2025-07-28,6.84
3752,485,46,2025-07-30,5.01
3753,485,46,2025-08-01,0.75
3754,486,2,2025-05-26,5.59
3755,486,2,2025-05-28,1.64
3756,486,2,2025-05-30,4.66
3757,486,2,2025-06-01,3.43
3758,486,2,2025-06-04,6.19
3759,486,2,2025-06-05,6.74
3760,486,2,2025-06-07,3.02
3761,486,2,2025-06-09,1.11
3762,487,37,2025-10-29,2.16
3763,487,37,2025-10-30,5.34
3764,487,37,2025-11-01,4.04
3765,487,37,2025-11-02,6.65
3766,487,37,2025-11-03,3.13
3767,487,37,2025-11-05,6.98
3768,487,37,2025-11-08,3.46
3769,488,5,2025-11-17,3.58
3770,488,5,2025-11-18,2.83
3771,488,5,2025-11-19,6.57
3772,488,5,2025-11-21,3.56
3773,488,5,2025-11-24,3.08
3774,488,5,2025-11-27,5.13
3775,488,5,2025-11-29,4.21
3776,488,5,2025-12-02,2.1
3777,488,5,2025-12-03,4.32
3778,488,5,2025-12-06,4.26
3779,488,5,2025-12-07,3.2
3780,488,5,2025-12-10,5.84
3781,488,5,2025-12-12,5.63
3782,488,5,2025-12-15,3.16
3783,488,5,2025-12-16,2.98
3784,488,5,2025-12-18,6.9
3785,488,5,2025-12-20,4.9
3786,488,5,2025-12-21,1.03
3787,488,5,2025-12-22,3.26
3788,488,5,2025-12-24,1.11
3789,490,42,2025-11-19,3.62
3790,490,42,2025-11-21,5.05
3791,490,42,2025-11-22,4.52
3792,490,42,2025-11-23,5.11
3793,490,42,2025-11-24,6.02
3794,490,42,2025-11-25,1.06
3795,490,42,2025-11-28,6.18
3796,490,42,2025-12-01,5.3
3797,490,42,2025-12-02,5.87
3798,490,42,2025-12-05,2.42
3799,490,42,2025-12-06,4.2
3800,490,42,2025-12-08,0.15
3801,491,1,2025-10-07,3.45
3802,491,1,2025-10-10,1.0
3803,491,1,2025-10-11,3.09
3804,491,1,2025-10-13,1.5
3805,491,1,2025-10-15,3.5
3806,491,1,2025-10-18,1.59
3807,491,1,2025-10-20,2.29
3808,491,1,2025-10-21,1.15
3809,491,1,2025-10-22,6.04
3810,491,1,2025-10-23,1.08
3811,491,1,2025-10-26,4.09
3812,491,1,2025-10-28,2.61
3813,491,1,2025-10-29,1.94
3814,491,1,2025-11-01,5.43
3815,491,1,2025-11-03,2.39
3816,491,1,2025-11-06,5.22
3817,491,1,2025-11-07,6.35
3818,491,1,2025-11-10,4.4
3819,491,1,2025-11-13,6.39
3820,491,1,2025-11-15,6.98
3821,491,1,2025-11-16,5.14
3822,491,1,2025-11-17,1.78
3823,491,1,2025-11-19,6.39
3824,491,1,2025-11-20,5.22
3825,491,1,2025-11-21,1.66
3826,491,1,2025-11-22,1.22
3827,491,1,2025-11-24,1.45
3828,493,41,2025-06-02,1.3
3829,493,41,2025-06-05,2.43
3830,493,41,2025-06-06,1.99
3831,493,41,2025-06-09,2.52
3832,493,41,2025-06-10,4.02
3833,493,41,2025-06-13,3.48
3834,493,41,2025-06-16,1.57
3835,493,41,2025-06-18,1.45
3836,494,8,2025-05-29,3.7
3837,494,8,2025-06-01,6.21
3838,494,8,2025-06-02,1.14
3839,495,38,2025-10-01,5.28
3840,495,38,2025-10-04,1.19
3841,495,38,2025-10-06,4.16
3842,495,38,2025-10-07,4.96
3843,495,38,2025-10-10,6.51
3844,495,38,2025-10-13,1.67
3845,495,38,2025-10-16,3.58
3846,495,38,2025-10-18,3.08
3847,495,38,2025-10-20,2.98
3848,495,38,2025-10-22,5.69
3849,495,38,2025-10-24,4.7
3850,495,38,2025-10-27,2.58
3851,495,38,2025-10-30,3.24
3852,495,38,2025-11-02,1.17
3853,495,38,2025-11-04,4.01
3854,495,38,2025-11-05,1.62
3855,499,31,2025-11-12,5.17
3856,499,31,2025-11-14,4.3
3857,500,31,2025-06-07,2.3
3858,500,31,2025-06-10,6.95
3859,500,31,2025-06-13,2.89
3860,500,31,2025-06-14,6.74
3861,500,31,2025-06-15,5.57
3862,500,31,2025-06-16,4.42
3863,500,31,2025-06-19,4.34
3864,500,31,2025-06-21,1.2
3865,500,31,2025-06-24,4.8
3866,500,31,2025-06-27,1.23
3867,500,31,2025-06-29,3.0
3868,500,31,2025-07-02,3.21
3869,500,31,2025-07-03,1.49
3870,500,31,2025-07-06,4.89
3871,500,31,2025-07-09,0.34
3872,501,29,2025-11-26,3.93
3873,501,29,2025-11-29,2.69
3874,502,25,2025-07-25,2.26
3875,502,25,2025-07-26,1.33
3876,502,25,2025-07-29,1.9
3877,502,25,2025-08-01,3.95
3878,502,25,2025-08-02,2.33
3879,503,1,2025-12-06,4.46
3880,503,1,2025-12-08,5.29
3881,503,1,2025-12-09,2.22
3882,503,1,2025-12-10,5.83
3883,503,1,2025-12-13,4.5
3884,503,1,2025-12-16,3.19
3885,503,1,2025-12-19,2.77
3886,503,1,2025-12-22,5.7
3887,503,1,2025-12-25,4.34
3888,503,1,2025-12-26,2.07
3889,503,1,2025-12-29,4.69
3890,503,1,2026-01-01,3.97
3891,503,1,2026-01-04,6.67
3892,503,1,2026-01-06,2.35
3893,503,1,2026-01-09,2.6
3894,503,1,2026-01-12,2.49
3895,503,1,2026-01-14,5.22
3896,503,1,2026-01-17,3.51
3897,503,1,2026-01-19,5.12
3898,504,41,2025-05-08,6.72
3899,504,41,2025-05-11,5.42
3900,504,41,2025-05-14,1.85
3901,505,48,2025-04-09,1.78
3902,505,48,2025-04-11,4.05
3903,505,48,2025-04-12,4.1
3904,505,48,2025-04-15,1.59
3905,505,48,2025-04-17,3.41
3906,505,48,2025-04-18,2.17
3907,505,48,2025-04-20,2.51
3908,505,48,2025-04-23,4.79
3909,505,48,2025-04-26,3.04
3910,505,48,2025-04-27,1.26
3911,505,48,2025-04-30,2.45
3912,505,48,2025-05-01,3.38
3913,505,48,2025-05-03,6.23
3914,505,48,2025-05-05,4.64
3915,505,48,2025-05-06,3.02
3916,505,48,2025-05-08,6.79
3917,505,48,2025-05-10,1.84
3918,505,48,2025-05-13,3.55
3919,505,48,2025-05-14,4.32
3920,505,48,2025-05-17,1.33
3921,506,46,2025-11-10,2.27
3922,506,46,2025-11-13,5.92
3923,506,46,2025-11-15,6.46
3924,506,46,2025-11-17,6.34
3925,506,46,2025-11-20,2.98
3926,506,46,2025-11-22,1.72
3927,506,46,2025-11-25,4.08
3928,506,46,2025-11-27,3.03
3929,507,42,2025-07-22,2.64
3930,507,42,2025-07-24,1.97
3931,507,42,2025-07-27,4.85
3932,507,42,2025-07-30,5.89
3933,507,42,2025-07-31,5.27
3934,507,42,2025-08-01,2.82
3935,507,42,2025-08-03,5.07
3936,507,42,2025-08-05,2.03
3937,507,42,2025-08-06,2.32
3938,507,42,2025-08-08,4.78
3939,507,42,2025-08-10,6.74
3940,507,42,2025-08-12,3.03
3941,507,42,2025-08-14,5.1
3942,507,42,2025-08-17,2.46
3943,507,42,2025-08-20,4.57
3944,507,42,2025-08-23,4.71
3945,507,42,2025-08-25,5.55
3946,507,42,2025-08-28,2.49
3947,507,42,2025-08-29,2.71
3948,507,42,2025-08-30,0.37
3949,508,46,2025-05-18,1.89
3950,508,46,2025-05-20,6.09
3951,508,46,2025-05-23,6.48
3952,508,46,2025-05-24,6.33
3953,508,46,2025-05-27,3.42
3954,508,46,2025-05-28,3.1
3955,508,46,2025-05-29,3.69
3956,508,46,2025-05-31,2.84
3957,508,46,2025-06-03,5.7
3958,508,46,2025-06-06,6.85
3959,508,46,2025-06-07,6.14
3960,508,46,2025-06-09,6.62
3961,508,46,2025-06-12,5.64
3962,508,46,2025-06-14,3.74
3963,508,46,2025-06-15,4.75
3964,508,46,2025-06-18,6.2
3965,508,46,2025-06-21,1.84
3966,509,4,2025-08-08,3.61
3967,509,4,2025-08-09,3.23
3968,510,11,2025-05-19,1.55
3969,510,11,2025-05-22,4.81
3970,510,11,2025-05-24,3.22
3971,510,11,2025-05-25,1.25
3972,510,11,2025-05-28,1.81
3973,510,11,2025-05-29,5.42
3974,510,11,2025-05-30,6.67
3975,510,11,2025-05-31,5.56
3976,510,11,2025-06-02,6.29
3977,510,11,2025-06-04,2.31
3978,510,11,2025-06-07,2.62
3979,510,11,2025-06-09,6.87
3980,510,11,2025-06-10,4.61
3981,510,11,2025-06-11,1.06
3982,510,11,2025-06-13,6.19
3983,510,11,2025-06-16,4.96
3984,510,11,2025-06-19,5.32
3985,510,11,2025-06-20,2.13
3986,510,11,2025-06-23,4.94
3987,510,11,2025-06-24,5.73
3988,510,11,2025-06-27,0.05
3989,511,27,2025-04-19,4.06
3990,511,27,2025-04-20,1.13
3991,511,27,2025-04-22,5.82
3992,511,27,2025-04-23,3.26
3993,511,27,2025-04-25,4.38
3994,512,36,2025-11-16,1.93
3995,512,36,2025-11-18,1.27
3996,512,36,2025-11-19,1.26
3997,513,9,2025-12-01,2.9
3998,513,9,2025-12-04,4.49
3999,513,9,2025-12-07,3.53
4000,513,9,2025-12-09,5.22
4001,513,9,2025-12-12,4.33
4002,513,9,2025-12-15,2.51
4003,514,38,2025-12-19,5.54
4004,514,38,2025-12-21,6.09
4005,514,38,2025-12-23,1.59
4006,514,38,2025-12-25,3.35
4007,514,38,2025-12-27,5.39
4008,514,38,2025-12-28,3.82
4009,515,27,2025-06-14,4.9
4010,515,27,2025-06-15,6.0
4011,515,27,2025-06-18,6.12
4012,515,27,2025-06-20,5.86
4013,515,27,2025-06-23,4.61
4014,515,27,2025-06-26,2.08
4015,516,12,2025-07-29,5.79
4016,516,12,2025-07-30,6.67
4017,516,12,2025-08-01,6.7
4018,516,12,2025-08-02,6.62
4019,516,12,2025-08-04,4.0
4020,516,12,2025-08-07,3.22
4021,516,12,2025-08-10,4.1
4022,516,12,2025-08-13,4.86
4023,516,12,2025-08-15,6.09
4024,516,12,2025-08-16,3.23
4025,516,12,2025-08-17,1.27
4026,516,12,2025-08-19,6.37
4027,516,12,2025-08-22,1.79
4028,516,12,2025-08-24,2.56
4029,516,12,2025-08-26,3.49
4030,517,30,2025-12-14,3.63
4031,517,30,2025-12-15,2.77
4032,517,30,2025-12-18,2.76
4033,517,30,2025-12-21,2.21
4034,517,30,2025-12-24,2.88
4035,517,30,2025-12-25,3.9
4036,517,30,2025-12-26,3.53
4037,517,30,2025-12-27,1.66
4038,518,20,2025-07-31,1.81
4039,518,20,2025-08-01,1.58
4040,518,20,2025-08-04,2.15
4041,519,18,2025-11-23,4.92
4042,519,18,2025-11-24,4.86
4043,519,18,2025-11-26,4.31
4044,519,18,2025-11-29,5.0
4045,519,18,2025-12-02,1.9
4046,519,18,2025-12-05,4.84
4047,519,18,2025-12-08,4.36
4048,519,18,2025-12-10,1.4
4049,519,18,2025-12-13,1.56
4050,520,12,2025-05-28,2.63
4051,520,12,2025-05-30,5.76
4052,520,12,2025-06-01,3.29
4053,520,12,2025-06-02,5.24
4054,520,12,2025-06-03,1.2
4055,520,12,2025-06-05,4.47
4056,520,12,2025-06-06,3.79
4057,520,12,2025-06-07,4.95
4058,520,12,2025-06-09,6.3
4059,520,12,2025-06-12,3.87
4060,520,12,2025-06-14,3.0
4061,520,12,2025-06-15,6.5
4062,520,12,2025-06-16,3.13
4063,520,12,2025-06-18,1.09
4064,520,12,2025-06-19,2.57
4065,520,12,2025-06-21,2.58
4066,520,12,2025-06-23,1.03
4067,520,12,2025-06-26,1.63
4068,520,12,2025-06-29,5.53
4069,520,12,2025-06-30,3.3
4070,521,5,2025-12-21,4.68
4071,521,5,2025-12-23,6.86
4072,521,5,2025-12-25,4.85
4073,521,5,2025-12-28,5.34
4074,521,5,2025-12-29,6.07
4075,521,5,2025-12-30,6.37
4076,521,5,2025-12-31,1.29
4077,521,5,2026-01-01,1.4
4078,521,5,2026-01-02,5.46
4079,521,5,2026-01-04,4.97
4080,521,5,2026-01-05,4.87
4081,521,5,2026-01-07,6.52
4082,521,5,2026-01-08,1.89
4083,523,13,2025-05-30,3.5
4084,523,13,2025-05-31,3.82
4085,523,13,2025-06-03,6.28
4086,523,13,2025-06-06,2.33
4087,523,13,2025-06-09,2.19
4088,523,13,2025-06-10,3.29
4089,523,13,2025-06-12,4.34
4090,523,13,2025-06-14,2.92
4091,523,13,2025-06-15,4.32
4092,523,13,2025-06-16,4.46
4093,523,13,2025-06-18,6.71
4094,523,13,2025-06-20,4.02
4095,523,13,2025-06-21,2.05
4096,523,13,2025-06-22,5.07
4097,523,13,2025-06-24,5.17
4098,523,13,2025-06-26,5.53
4099,523,13,2025-06-27,1.68
4100,523,13,2025-06-29,3.79
4101,523,13,2025-06-30,3.32
4102,523,13,2025-07-01,4.99
4103,523,13,2025-07-04,1.41
4104,523,13,2025-07-07,3.12
4105,524,21,2025-11-25,4.68
4106,525,12,2025-07-24,1.67
4107,525,12,2025-07-25,2.36
4108,525,12,2025-07-27,3.3
4109,525,12,2025-07-28,6.34
4110,525,12,2025-07-29,1.94
4111,525,12,2025-08-01,5.46
4112,525,12,2025-08-04,1.88
4113,525,12,2025-08-05,5.48
4114,525,12,2025-08-08,3.83
4115,525,12,2025-08-10,1.99
4116,525,12,2025-08-13,6.28
4117,525,12,2025-08-16,3.93
4118,525,12,2025-08-18,6.63
4119,525,12,2025-08-19,6.13
4120,525,12,2025-08-20,5.48
4121,525,12,2025-08-21,1.29
4122,525,12,2025-08-23,0.39
4123,526,44,2025-07-22,6.4
4124,526,44,2025-07-24,1.89
4125,526,44,2025-07-25,4.87
4126,526,44,2025-07-27,5.13
4127,526,44,2025-07-30,5.48
4128,526,44,2025-08-02,4.23
4129,526,44,2025-08-04,1.13
4130,526,44,2025-08-07,1.54
4131,526,44,2025-08-09,0.9
4132,527,43,2025-05-31,6.21
4133,527,43,2025-06-03,2.85
4134,527,43,2025-06-06,5.15
4135,527,43,2025-06-09,4.27
4136,527,43,2025-06-12,2.15
4137,527,43,2025-06-13,4.48
4138,527,43,2025-06-14,2.25
4139,527,43,2025-06-15,6.06
4140,527,43,2025-06-16,2.73
4141,527,43,2025-06-18,5.45
4142,527,43,2025-06-21,4.2
4143,527,43,2025-06-22,1.12
4144,527,43,2025-06-23,2.54
4145,527,43,2025-06-24,5.52
4146,527,43,2025-06-27,4.85
4147,527,43,2025-06-29,3.74
4148,527,43,2025-07-01,2.86
4149,527,43,2025-07-04,4.15
4150,527,43,2025-07-05,5.24
4151,527,43,2025-07-06,4.89
4152,527,43,2025-07-09,4.32
4153,528,2,2025-05-15,1.66
4154,528,2,2025-05-18,2.32
4155,528,2,2025-05-20,2.39
4156,529,8,2025-09-16,1.81
4157,529,8,2025-09-18,5.13
4158,529,8,2025-09-21,5.11
4159,530,46,2025-06-01,4.41
4160,530,46,2025-06-03,4.8
4161,530,46,2025-06-04,5.14
4162,530,46,2025-06-05,3.38
4163,530,46,2025-06-07,3.92
4164,531,10,2025-12-16,6.21
4165,531,10,2025-12-19,5.53
4166,531,10,2025-12-20,1.7
4167,531,10,2025-12-21,5.65
4168,531,10,2025-12-22,0.46
4169,533,28,2025-10-09,3.07
4170,533,28,2025-10-11,1.56
4171,533,28,2025-10-12,2.54
4172,534,8,2025-05-29,3.6
4173,534,8,2025-05-31,6.26
4174,534,8,2025-06-03,1.95
4175,534,8,2025-06-05,2.18
4176,534,8,2025-06-06,1.58
4177,534,8,2025-06-07,2.38
4178,534,8,2025-06-09,3.62
4179,534,8,2025-06-11,4.69
4180,534,8,2025-06-12,1.89
4181,535,43,2025-11-17,5.34
4182,535,43,2025-11-20,6.82
4183,535,43,2025-11-23,6.51
4184,535,43,2025-11-24,2.17
4185,537,43,2025-05-20,5.41
4186,537,43,2025-05-23,0.07
4187,538,28,2025-11-22,6.55
4188,538,28,2025-11-25,4.24
4189,538,28,2025-11-27,5.55
4190,538,28,2025-11-29,4.27
4191,538,28,2025-12-01,4.02
4192,538,28,2025-12-02,3.65
4193,538,28,2025-12-03,0.12
4194,539,16,2025-04-24,5.32
4195,539,16,2025-04-25,2.73
4196,539,16,2025-04-28,1.1
4197,539,16,2025-05-01,1.84
4198,539,16,2025-05-03,2.98
4199,539,16,2025-05-05,4.06
4200,539,16,2025-05-07,5.79
4201,539,16,2025-05-08,1.55
4202,540,38,2025-07-23,1.34
4203,540,38,2025-07-25,5.38
4204,540,38,2025-07-28,5.26
4205,540,38,2025-07-30,4.02
4206,540,38,2025-08-02,6.65
4207,540,38,2025-08-03,2.78
4208,540,38,2025-08-06,3.05
4209,540,38,2025-08-08,6.8
4210,540,38,2025-08-11,3.81
4211,540,38,2025-08-13,3.0
4212,540,38,2025-08-16,4.1
4213,540,38,2025-08-18,2.53
4214,540,38,2025-08-19,4.97
4215,540,38,2025-08-21,6.05
4216,540,38,2025-08-23,6.36
4217,540,38,2025-08-25,0.82
4218,541,38,2025-07-21,3.52
4219,541,38,2025-07-23,6.72
4220,541,38,2025-07-25,4.26
4221,541,38,2025-07-26,6.91
4222,541,38,2025-07-28,1.44
4223,541,38,2025-07-30,4.16
4224,541,38,2025-07-31,4.1
4225,541,38,2025-08-02,6.1
4226,541,38,2025-08-03,4.33
4227,541,38,2025-08-04,4.01
4228,541,38,2025-08-05,5.11
4229,541,38,2025-08-06,4.67
4230,542,11,2025-05-31,3.53
4231,542,11,2025-06-02,5.71
4232,542,11,2025-06-05,5.48
4233,542,11,2025-06-08,1.05
4234,542,11,2025-06-11,6.25
4235,542,11,2025-06-13,6.33
4236,542,11,2025-06-15,1.59
4237,543,32,2025-04-27,4.91
4238,543,32,2025-04-29,5.19
4239,543,32,2025-05-01,2.33
4240,544,49,2025-11-25,3.81
4241,544,49,2025-11-26,1.46
4242,545,6,2025-11-12,3.9
4243,545,6,2025-11-14,6.48
4244,545,6,2025-11-15,3.67
4245,545,6,2025-11-18,2.34
4246,546,38,2025-05-09,1.56
4247,546,38,2025-05-10,4.18
4248,546,38,2025-05-11,1.88
4249,546,38,2025-05-12,1.96
4250,546,38,2025-05-13,2.94
4251,547,49,2025-08-04,4.6
4252,547,49,2025-08-06,1.12
4253,547,49,2025-08-08,1.13
4254,547,49,2025-08-09,1.94
4255,547,49,2025-08-11,4.2
4256,547,49,2025-08-12,6.67
4257,547,49,2025-08-15,2.11
4258,549,45,2025-11-17,4.37
4259,549,45,2025-11-18,3.76
4260,549,45,2025-11-20,2.55
4261,550,24,2025-07-28,5.31
4262,550,24,2025-07-31,4.17
4263,550,24,2025-08-03,2.42
4264,550,24,2025-08-06,1.12
4265,550,24,2025-08-09,1.51
4266,550,24,2025-08-10,5.67
4267,550,24,2025-08-13,2.32
4268,550,24,2025-08-16,5.45
4269,550,24,2025-08-17,1.25
4270,550,24,2025-08-19,0.54
4271,551,27,2025-12-13,3.15
4272,551,27,2025-12-14,1.46
4273,551,27,2025-12-17,3.8
4274,551,27,2025-12-19,1.71
4275,551,27,2025-12-21,5.13
4276,551,27,2025-12-22,5.41
4277,551,27,2025-12-25,5.26
4278,551,27,2025-12-26,4.23
4279,551,27,2025-12-28,3.23
4280,551,27,2025-12-30,6.64
4281,551,27,2025-12-31,5.98
4282,551,27,2026-01-01,1.89
4283,551,27,2026-01-04,4.36
4284,551,27,2026-01-06,2.87
4285,552,30,2025-11-12,4.08
4286,552,30,2025-11-14,4.97
4287,553,21,2025-11-26,1.53
4288,553,21,2025-11-27,5.24
4289,553,21,2025-11-30,2.66
4290,554,50,2025-11-24,4.14
4291,554,50,2025-11-26,6.9
4292,554,50,2025-11-27,5.75
4293,554,50,2025-11-30,2.61
4294,554,50,2025-12-02,1.29
4295,554,50,2025-12-04,3.87
4296,554,50,2025-12-05,2.99
4297,554,50,2025-12-08,5.81
4298,554,50,2025-12-11,0.88
4299,555,39,2025-11-02,2.19
4300,555,39,2025-11-05,1.94
4301,555,39,2025-11-06,3.92
4302,557,22,2025-07-26,3.23
4303,557,22,2025-07-27,1.03
4304,557,22,2025-07-30,6.23
4305,557,22,2025-08-02,3.56
4306,557,22,2025-08-04,3.47
4307,557,22,2025-08-07,6.67
4308,557,22,2025-08-09,1.99
4309,557,22,2025-08-11,1.6
4310,557,22,2025-08-14,5.62
4311,557,22,2025-08-17,4.35
4312,557,22,2025-08-19,6.57
4313,557,22,2025-08-20,4.58
4314,557,22,2025-08-21,5.73
4315,557,22,2025-08-22,2.24
4316,557,22,2025-08-25,6.08
4317,557,22,2025-08-28,4.83
4318,557,22,2025-08-29,1.34
4319,557,22,2025-08-31,2.99
4320,557,22,2025-09-01,2.49
4321,557,22,2025-09-04,4.81
4322,557,22,2025-09-07,2.14
4323,558,20,2025-04-07,2.26
4324,558,20,2025-04-10,6.24
4325,558,20,2025-04-13,2.52
4326,558,20,2025-04-15,1.03
4327,560,18,2025-08-02,6.32
4328,560,18,2025-08-05,2.88
4329,560,18,2025-08-08,1.62
4330,560,18,2025-08-09,2.06
4331,560,18,2025-08-10,1.12
4332,560,18,2025-08-13,3.88
4333,560,18,2025-08-16,2.12
4334,560,18,2025-08-18,5.67
4335,560,18,2025-08-19,6.46
4336,560,18,2025-08-20,5.99
4337,560,18,2025-08-21,4.41
4338,560,18,2025-08-24,6.16
4339,560,18,2025-08-27,5.68
4340,560,18,2025-08-30,6.84
4341,560,18,2025-08-31,0.87
4342,561,16,2025-12-03,3.83
4343,561,16,2025-12-05,4.06
4344,561,16,2025-12-08,1.69
4345,561,16,2025-12-09,1.37
4346,561,16,2025-12-10,3.48
4347,561,16,2025-12-13,5.69
4348,561,16,2025-12-16,5.44
4349,561,16,2025-12-18,1.42
4350,562,29,2025-07-19,5.12
4351,562,29,2025-07-21,3.15
4352,562,29,2025-07-24,4.24
4353,563,3,2025-06-12,4.91
4354,563,3,2025-06-13,5.35
4355,563,3,2025-06-14,5.87
4356,563,3,2025-06-17,4.42
4357,563,3,2025-06-18,3.93
4358,563,3,2025-06-20,6.71
4359,563,3,2025-06-22,4.39
4360,563,3,2025-06-23,2.38
4361,563,3,2025-06-25,1.98
4362,563,3,2025-06-27,6.25
4363,563,3,2025-06-30,3.96
4364,563,3,2025-07-03,6.65
4365,563,3,2025-07-06,3.32
4366,563,3,2025-07-08,6.37
4367,563,3,2025-07-11,6.15
4368,563,3,2025-07-12,2.16
4369,563,3,2025-07-14,1.31
4370,563,3,2025-07-16,6.5
4371,563,3,2025-07-19,2.0
4372,563,3,2025-07-22,6.13
4373,563,3,2025-07-25,1.25
4374,564,38,2025-04-16,4.11
4375,564,38,2025-04-19,6.06
4376,564,38,2025-04-22,3.99
4377,564,38,2025-04-24,3.02
4378,564,38,2025-04-26,2.6
4379,564,38,2025-04-27,5.51
4380,564,38,2025-04-29,1.66
4381,565,25,2025-11-14,1.6
4382,565,25,2025-11-16,4.82
4383,566,44,2025-07-27,3.51
4384,566,44,2025-07-29,3.73
4385,566,44,2025-08-01,0.48
4386,567,48,2025-07-27,2.31
4387,567,48,2025-07-30,0.45
4388,568,44,2025-09-25,4.17
4389,568,44,2025-09-27,1.28
4390,568,44,2025-09-30,3.8
4391,568,44,2025-10-02,6.58
4392,568,44,2025-10-05,1.3
4393,568,44,2025-10-08,4.82
4394,568,44,2025-10-10,2.82
4395,568,44,2025-10-13,2.42
4396,568,44,2025-10-15,5.76
4397,568,44,2025-10-16,1.84
4398,568,44,2025-10-18,2.39
4399,568,44,2025-10-21,1.81
4400,569,5,2025-05-07,1.86
4401,569,5,2025-05-09,4.22
4402,569,5,2025-05-10,2.41
4403,569,5,2025-05-13,4.48
4404,569,5,2025-05-14,4.15
4405,569,5,2025-05-17,4.57
4406,569,5,2025-05-19,6.52
4407,569,5,2025-05-21,3.05
4408,569,5,2025-05-23,6.02
4409,569,5,2025-05-25,4.39
4410,569,5,2025-05-28,3.61
4411,569,5,2025-05-31,4.85
4412,569,5,2025-06-03,4.6
4413,569,5,2025-06-05,0.72
4414,570,49,2025-11-24,6.8
4415,570,49,2025-11-26,4.71
4416,570,49,2025-11-28,1.61
4417,572,19,2025-05-27,5.43
4418,572,19,2025-05-30,3.18
4419,572,19,2025-06-01,4.11
4420,572,19,2025-06-02,2.74
4421,572,19,2025-06-03,6.72
4422,572,19,2025-06-06,6.13
4423,572,19,2025-06-07,4.89
4424,572,19,2025-06-10,2.89
4425,572,19,2025-06-11,5.84
4426,572,19,2025-06-13,1.64
4427,572,19,2025-06-15,4.05
4428,572,19,2025-06-17,3.82
4429,572,19,2025-06-18,2.93
4430,572,19,2025-06-19,3.6
4431,572,19,2025-06-21,2.55
4432,572,19,2025-06-22,2.03
4433,572,19,2025-06-23,6.48
4434,572,19,2025-06-25,0.53
4435,573,20,2025-06-07,6.07
4436,573,20,2025-06-10,3.85
4437,573,20,2025-06-11,6.61
4438,573,20,2025-06-14,2.04
4439,573,20,2025-06-17,4.39
4440,573,20,2025-06-19,4.79
4441,573,20,2025-06-21,1.86
4442,573,20,2025-06-24,1.4
4443,574,9,2025-11-26,3.67
4444,574,9,2025-11-28,5.46
4445,574,9,2025-11-29,1.3
4446,574,9,2025-11-30,4.48
4447,574,9,2025-12-02,2.33
4448,574,9,2025-12-03,6.04
4449,574,9,2025-12-04,2.33
4450,574,9,2025-12-06,2.04
4451,574,9,2025-12-07,4.95
4452,574,9,2025-12-08,1.71
4453,574,9,2025-12-09,2.37
4454,574,9,2025-12-11,1.67
4455,574,9,2025-12-12,5.57
4456,574,9,2025-12-13,2.16
4457,574,9,2025-12-14,5.29
4458,574,9,2025-12-16,2.77
4459,574,9,2025-12-17,6.83
4460,574,9,2025-12-18,1.08
4461,574,9,2025-12-21,3.99
4462,574,9,2025-12-23,3.16
4463,574,9,2025-12-25,2.97
4464,574,9,2025-12-26,4.69
4465,574,9,2025-12-28,1.76
4466,574,9,2025-12-29,4.5
4467,574,9,2026-01-01,4.01
4468,574,9,2026-01-04,4.92
4469,574,9,2026-01-06,5.07
4470,574,9,2026-01-09,3.95
4471,574,9,2026-01-10,3.24
4472,575,39,2025-05-25,6.48
4473,575,39,2025-05-26,2.03
4474,575,39,2025-05-27,2.61
4475,576,13,2025-11-24,1.53
4476,576,13,2025-11-27,6.16
4477,576,13,2025-11-29,4.34
4478,576,13,2025-12-01,3.24
4479,576,13,2025-12-04,5.32
4480,576,13,2025-12-05,5.74
4481,576,13,2025-12-07,6.8
4482,576,13,2025-12-08,1.66
4483,576,13,2025-12-11,2.7
4484,576,13,2025-12-12,3.76
4485,576,13,2025-12-15,5.81
4486,576,13,2025-12-16,3.25
4487,576,13,2025-12-19,4.54
4488,576,13,2025-12-21,5.39
4489,576,13,2025-12-24,6.39
4490,576,13,2025-12-27,1.17
4491,576,13,2025-12-29,2.94
4492,576,13,2026-01-01,2.77
4493,576,13,2026-01-04,1.14
4494,576,13,2026-01-06,1.2
4495,577,15,2025-04-18,1.15
4496,577,15,2025-04-20,2.98
4497,577,15,2025-04-21,1.37
4498,577,15,2025-04-24,2.67
4499,577,15,2025-04-26,6.2
4500,577,15,2025-04-27,4.13
4501,577,15,2025-04-28,4.16
4502,577,15,2025-04-29,1.41
4503,577,15,2025-04-30,6.13
4504,577,15,2025-05-01,6.64
4505,577,15,2025-05-04,2.22
4506,578,38,2025-09-16,1.23
4507,578,38,2025-09-19,2.61
4508,578,38,2025-09-20,3.06
4509,578,38,2025-09-21,3.96
4510,578,38,2025-09-23,5.61
4511,578,38,2025-09-25,2.01
4512,578,38,2025-09-26,2.26
4513,578,38,2025-09-29,2.65
4514,578,38,2025-09-30,1.81
4515,578,38,2025-10-01,6.52
4516,578,38,2025-10-04,4.08
4517,578,38,2025-10-05,2.97
4518,578,38,2025-10-08,2.61
4519,578,38,2025-10-10,3.97
4520,578,38,2025-10-13,6.18
4521,578,38,2025-10-16,6.66
4522,578,38,2025-10-17,2.29
4523,578,38,2025-10-19,2.74
4524,578,38,2025-10-20,4.39
4525,579,15,2025-10-05,6.16
4526,579,15,2025-10-08,7.0
4527,579,15,2025-10-09,6.46
4528,579,15,2025-10-12,6.4
4529,579,15,2025-10-13,3.8
4530,579,15,2025-10-15,2.65
4531,579,15,2025-10-16,6.29
4532,579,15,2025-10-19,5.46
4533,579,15,2025-10-20,1.77
4534,579,15,2025-10-21,4.16
4535,579,15,2025-10-23,0.32
4536,580,29,2025-09-12,3.54
4537,580,29,2025-09-15,3.62
4538,580,29,2025-09-17,6.63
4539,580,29,2025-09-20,4.99
4540,580,29,2025-09-23,1.54
4541,580,29,2025-09-25,0.14
4542,581,13,2025-05-22,5.81
4543,581,13,2025-05-24,1.84
4544,581,13,2025-05-27,4.37
4545,581,13,2025-05-30,6.36
4546,581,13,2025-05-31,6.26
4547,581,13,2025-06-02,1.87
4548,582,32,2025-07-20,4.3
4549,582,32,2025-07-23,3.48
4550,582,32,2025-07-26,3.79
4551,583,27,2025-06-16,3.01
4552,583,27,2025-06-19,4.0
4553,583,27,2025-06-21,1.06
4554,583,27,2025-06-23,2.12
4555,583,27,2025-06-26,3.85
4556,583,27,2025-06-29,1.01
4557,583,27,2025-06-30,1.89
4558,583,27,2025-07-02,6.81
4559,583,27,2025-07-04,6.29
4560,583,27,2025-07-06,2.8
4561,583,27,2025-07-07,4.91
4562,583,27,2025-07-10,5.94
4563,583,27,2025-07-12,3.19
4564,583,27,2025-07-14,6.82
4565,583,27,2025-07-16,6.74
4566,583,27,2025-07-18,4.4
4567,583,27,2025-07-19,2.8
4568,583,27,2025-07-20,1.28
4569,583,27,2025-07-21,1.19
4570,583,27,2025-07-22,2.67
4571,583,27,2025-07-23,4.56
4572,583,27,2025-07-26,5.9
4573,583,27,2025-07-28,3.44
4574,583,27,2025-07-31,1.77
4575,584,49,2025-11-12,3.48
4576,584,49,2025-11-13,3.63
4577,584,49,2025-11-16,6.36
4578,584,49,2025-11-17,4.32
4579,584,49,2025-11-18,3.54
4580,584,49,2025-11-21,2.41
4581,584,49,2025-11-22,2.89
4582,584,49,2025-11-23,1.92
4583,584,49,2025-11-26,2.03
4584,584,49,2025-11-27,2.02
4585,584,49,2025-11-28,3.95
4586,584,49,2025-11-29,1.03
4587,584,49,2025-12-02,1.11
4588,585,49,2025-11-29,5.15
4589,585,49,2025-12-01,3.18
4590,585,49,2025-12-02,1.44
4591,585,49,2025-12-04,1.04
4592,585,49,2025-12-07,1.02
4593,585,49,2025-12-08,1.43
4594,585,49,2025-12-11,3.36
4595,585,49,2025-12-12,1.43
4596,585,49,2025-12-14,4.83
4597,585,49,2025-12-16,7.0
4598,585,49,2025-12-19,2.87
4599,585,49,2025-12-22,4.3
4600,585,49,2025-12-23,1.06
4601,585,49,2025-12-24,0.5
4602,586,45,2025-05-21,5.09
4603,586,45,2025-05-23,2.03
4604,587,50,2025-10-28,2.17
4605,587,50,2025-10-31,3.07
4606,587,50,2025-11-02,5.37
4607,588,44,2025-05-25,4.92
4608,589,3,2025-11-19,4.85
4609,589,3,2025-11-22,1.57
4610,589,3,2025-11-25,1.83
4611,589,3,2025-11-27,5.52
4612,590,40,2025-06-05,5.84
4613,590,40,2025-06-06,1.3
4614,590,40,2025-06-09,0.84
4615,591,33,2025-11-01,4.17
4616,592,15,2025-12-01,1.72
4617,592,15,2025-12-03,1.53
4618,593,18,2025-05-14,6.76
4619,593,18,2025-05-17,2.75
4620,593,18,2025-05-19,4.74
4621,593,18,2025-05-22,1.62
4622,593,18,2025-05-23,2.59
4623,593,18,2025-05-25,3.11
4624,593,18,2025-05-26,0.94
4625,594,44,2025-05-08,2.5
4626,594,44,2025-05-11,4.48
4627,594,44,2025-05-14,4.1
4628,594,44,2025-05-15,5.2
4629,594,44,2025-05-18,3.97
4630,594,44,2025-05-20,6.85
4631,594,44,2025-05-23,1.14
4632,595,42,2025-11-20,3.31
4633,595,42,2025-11-23,1.2
4634,595,42,2025-11-26,6.04
4635,595,42,2025-11-27,5.46
4636,595,42,2025-11-28,1.32
4637,595,42,2025-11-29,1.65
4638,595,42,2025-11-30,6.36
4639,595,42,2025-12-02,2.72
4640,595,42,2025-12-04,4.77
4641,595,42,2025-12-05,5.26
4642,595,42,2025-12-07,5.04
4643,595,42,2025-12-09,1.38
4644,595,42,2025-12-11,6.16
4645,595,42,2025-12-14,7.0
4646,595,42,2025-12-16,6.16
4647,595,42,2025-12-18,5.82
4648,595,42,2025-12-19,3.08
4649,595,42,2025-12-21,2.02
4650,595,42,2025-12-23,0.66
4651,596,1,2025-08-11,2.19
4652,596,1,2025-08-13,4.06
4653,596,1,2025-08-14,6.35
4654,596,1,2025-08-16,3.48
4655,596,1,2025-08-18,2.9
4656,596,1,2025-08-21,1.85
4657,596,1,2025-08-22,3.91
4658,596,1,2025-08-24,3.58
4659,596,1,2025-08-27,0.35
4660,597,17,2025-07-21,3.97
4661,597,17,2025-07-23,3.3
4662,597,17,2025-07-26,2.17
4663,597,17,2025-07-27,2.7
4664,597,17,2025-07-29,5.7
4665,597,17,2025-08-01,2.96
4666,598,42,2025-05-29,3.69
4667,598,42,2025-05-31,5.87
4668,598,42,2025-06-03,3.09
4669,598,42,2025-06-04,4.87
4670,598,42,2025-06-05,4.34
4671,598,42,2025-06-06,3.14
4672,598,42,2025-06-08,2.95
4673,598,42,2025-06-11,1.13
4674,599,35,2025-05-24,5.63
4675,599,35,2025-05-26,2.22
4676,599,35,2025-05-29,1.8
4677,599,35,2025-06-01,2.58
4678,600,15,2025-05-31,5.0
4679,600,15,2025-06-01,5.56
4680,600,15,2025-06-03,1.41
4681,600,15,2025-06-06,4.34
4682,600,15,2025-06-07,1.13
4683,600,15,2025-06-09,6.6
4684,600,15,2025-06-10,2.4
4685,600,15,2025-06-13,1.36
4686,600,15,2025-06-14,0.22
4687,601,24,2025-07-22,2.4
4688,601,24,2025-07-23,2.38
4689,601,24,2025-07-24,2.15
4690,601,24,2025-07-27,1.92
4691,601,24,2025-07-29,3.01
4692,601,24,2025-07-30,4.06
4693,601,24,2025-08-01,4.25
4694,602,50,2025-04-30,5.97
4695,602,50,2025-05-03,1.67
4696,602,50,2025-05-05,0.93
4697,603,5,2025-04-10,3.8
4698,603,5,2025-04-13,5.08
4699,603,5,2025-04-15,3.66
4700,603,5,2025-04-17,6.71
4701,603,5,2025-04-18,4.83
4702,603,5,2025-04-20,1.1
4703,603,5,2025-04-22,1.35
4704,603,5,2025-04-23,4.98
4705,603,5,2025-04-25,1.67
4706,604,40,2025-06-06,1.68
4707,604,40,2025-06-08,3.63
4708,605,30,2025-05-30,1.08
4709,605,30,2025-05-31,2.08
4710,605,30,2025-06-03,1.32
4711,605,30,2025-06-06,3.65
4712,605,30,2025-06-09,4.75
4713,606,31,2025-12-16,5.05
4714,606,31,2025-12-18,1.75
4715,606,31,2025-12-19,0.79
4716,607,1,2025-06-11,2.75
4717,607,1,2025-06-13,3.42
4718,607,1,2025-06-16,3.08
4719,607,1,2025-06-19,4.91
4720,607,1,2025-06-21,4.42
4721,608,5,2025-06-09,3.18
4722,608,5,2025-06-12,5.75
4723,608,5,2025-06-14,5.71
4724,608,5,2025-06-17,6.04
4725,608,5,2025-06-18,1.7
4726,608,5,2025-06-19,6.12
4727,608,5,2025-06-21,2.21
4728,608,5,2025-06-23,3.56
4729,608,5,2025-06-25,0.23
4730,609,39,2025-06-13,4.53
4731,609,39,2025-06-16,6.11
4732,609,39,2025-06-19,3.85
4733,609,39,2025-06-20,6.03
4734,609,39,2025-06-23,2.54
4735,609,39,2025-06-24,3.57
4736,609,39,2025-06-25,3.62
4737,610,6,2025-05-19,1.17
4738,610,6,2025-05-21,4.59
4739,610,6,2025-05-24,4.95
4740,610,6,2025-05-26,5.32
4741,610,6,2025-05-28,2.55
4742,610,6,2025-05-29,5.81
4743,610,6,2025-06-01,3.78
4744,610,6,2025-06-03,2.71
4745,610,6,2025-06-04,3.58
4746,610,6,2025-06-05,2.03
4747,611,23,2025-06-16,2.29
4748,611,23,2025-06-17,5.37
4749,611,23,2025-06-18,2.03
4750,611,23,2025-06-19,3.17
4751,611,23,2025-06-20,6.5
4752,611,23,2025-06-21,6.8
4753,611,23,2025-06-24,4.76
4754,611,23,2025-06-27,6.9
4755,611,23,2025-06-28,6.06
4756,611,23,2025-07-01,6.71
4757,611,23,2025-07-03,2.11
4758,611,23,2025-07-04,5.93
4759,611,23,2025-07-06,5.7
4760,611,23,2025-07-07,6.13
4761,611,23,2025-07-08,2.46
4762,611,23,2025-07-09,3.31
4763,612,34,2025-11-27,6.54
4764,612,34,2025-11-30,3.97
4765,612,34,2025-12-02,3.45
4766,612,34,2025-12-05,6.23
4767,612,34,2025-12-06,0.7
4768,613,30,2025-06-02,3.36
4769,613,30,2025-06-03,1.36
4770,614,9,2025-06-04,2.63
4771,614,9,2025-06-07,6.12
4772,614,9,2025-06-10,5.32
4773,614,9,2025-06-13,3.33
4774,614,9,2025-06-15,2.53
4775,614,9,2025-06-18,4.5
4776,614,9,2025-06-20,3.33
4777,614,9,2025-06-22,0.6
4778,615,17,2025-04-18,1.08
4779,615,17,2025-04-21,2.22
4780,615,17,2025-04-23,4.91
4781,615,17,2025-04-24,1.77
4782,615,17,2025-04-26,5.44
4783,615,17,2025-04-28,1.31
4784,615,17,2025-04-30,6.44
4785,615,17,2025-05-01,5.23
4786,615,17,2025-05-02,4.65
4787,615,17,2025-05-05,3.44
4788,616,10,2025-05-29,1.51
4789,616,10,2025-05-31,1.41
4790,616,10,2025-06-03,4.63
4791,616,10,2025-06-05,2.85
4792,616,10,2025-06-08,4.82
4793,619,38,2025-06-04,3.56
4794,619,38,2025-06-07,2.38
4795,619,38,2025-06-10,3.92
4796,619,38,2025-06-11,5.92
4797,619,38,2025-06-13,6.99
4798,619,38,2025-06-14,5.76
4799,619,38,2025-06-17,2.75
4800,619,38,2025-06-20,6.54
4801,619,38,2025-06-23,1.28
4802,619,38,2025-06-24,3.77
4803,619,38,2025-06-27,1.71
4804,619,38,2025-06-28,1.78
4805,619,38,2025-06-30,2.93
4806,619,38,2025-07-03,6.53
4807,619,38,2025-07-05,3.14
4808,619,38,2025-07-08,4.32
4809,619,38,2025-07-11,1.37
4810,619,38,2025-07-14,6.96
4811,619,38,2025-07-16,0.6
4812,620,28,2025-11-11,1.25
4813,620,28,2025-11-12,6.81
4814,620,28,2025-11-13,1.82
4815,620,28,2025-11-15,4.14
4816,621,8,2025-06-03,5.04
4817,621,8,2025-06-04,5.14
4818,621,8,2025-06-05,2.21
4819,621,8,2025-06-08,1.89
4820,622,7,2025-06-05,1.93
4821,622,7,2025-06-06,3.67
4822,622,7,2025-06-07,3.32
4823,622,7,2025-06-08,6.14
4824,623,25,2025-05-14,6.44
4825,623,25,2025-05-15,4.25
4826,623,25,2025-05-16,6.11
4827,623,25,2025-05-19,5.55
4828,623,25,2025-05-22,5.05
4829,623,25,2025-05-24,1.37
4830,624,5,2025-12-22,5.89
4831,624,5,2025-12-24,1.6
4832,624,5,2025-12-26,6.17
4833,624,5,2025-12-29,1.09
4834,624,5,2026-01-01,1.69
4835,624,5,2026-01-03,2.97
4836,624,5,2026-01-05,5.03
4837,624,5,2026-01-07,2.2
4838,624,5,2026-01-10,5.67
4839,624,5,2026-01-13,0.14
4840,625,33,2025-10-31,1.12
4841,625,33,2025-11-02,6.19
4842,625,33,2025-11-04,6.73
4843,625,33,2025-11-06,3.84
4844,625,33,2025-11-08,1.63
4845,625,33,2025-11-11,3.17
4846,625,33,2025-11-12,5.9
4847,625,33,2025-11-15,6.72
4848,625,33,2025-11-17,1.2
4849,626,42,2025-11-30,3.64
4850,626,42,2025-12-02,3.33
4851,626,42,2025-12-03,3.27
4852,626,42,2025-12-05,3.02
4853,626,42,2025-12-06,6.39
4854,626,42,2025-12-07,4.33
4855,626,42,2025-12-09,6.72
4856,626,42,2025-12-11,1.47
4857,626,42,2025-12-14,1.03
4858,626,42,2025-12-17,5.64
4859,626,42,2025-12-20,6.59
4860,626,42,2025-12-22,3.12
4861,626,42,2025-12-23,2.61
4862,626,42,2025-12-25,3.45
4863,626,42,2025-12-27,4.8
4864,626,42,2025-12-29,5.78
4865,626,42,2025-12-30,1.54
4866,626,42,2026-01-02,5.49
4867,626,42,2026-01-03,4.75
4868,626,42,2026-01-06,3.36
4869,626,42,2026-01-08,6.75
4870,626,42,2026-01-10,2.51
4871,626,42,2026-01-12,1.27
4872,626,42,2026-01-15,4.73
4873,626,42,2026-01-17,3.08
4874,626,42,2026-01-19,6.14
4875,626,42,2026-01-22,1.5
4876,626,42,2026-01-25,3.95
4877,626,42,2026-01-28,1.58
4878,627,21,2025-11-10,6.46
4879,627,21,2025-11-13,5.11
4880,627,21,2025-11-14,5.59
4881,627,21,2025-11-17,5.37
4882,627,21,2025-11-20,5.02
4883,627,21,2025-11-23,6.22
4884,627,21,2025-11-25,1.19
4885,627,21,2025-11-28,2.5
4886,627,21,2025-11-30,6.33
4887,627,21,2025-12-02,5.34
4888,627,21,2025-12-04,0.21
4889,628,5,2025-04-16,1.48
4890,628,5,2025-04-18,6.24
4891,628,5,2025-04-20,2.81
4892,628,5,2025-04-22,6.19
4893,628,5,2025-04-25,6.19
4894,628,5,2025-04-28,6.36
4895,628,5,2025-05-01,4.96
4896,628,5,2025-05-04,2.62
4897,628,5,2025-05-05,4.96
4898,628,5,2025-05-06,1.15
4899,628,5,2025-05-07,1.24
4900,628,5,2025-05-10,5.05
4901,628,5,2025-05-11,2.3
4902,629,23,2025-04-22,5.29
4903,629,23,2025-04-25,4.49
4904,629,23,2025-04-26,2.85
4905,629,23,2025-04-28,6.11
4906,629,23,2025-04-30,1.14
4907,630,27,2025-12-06,1.55
4908,630,27,2025-12-07,6.81
4909,630,27,2025-12-08,3.85
4910,630,27,2025-12-10,3.56
4911,630,27,2025-12-12,2.39
4912,630,27,2025-12-13,5.71
4913,631,24,2025-11-27,3.37
4914,631,24,2025-11-30,4.6
4915,632,35,2025-04-29,6.54
4916,632,35,2025-05-01,4.88
4917,632,35,2025-05-04,5.36
4918,632,35,2025-05-07,5.24
4919,633,4,2025-05-19,6.22
4920,633,4,2025-05-21,2.72
4921,633,4,2025-05-23,3.21
4922,634,28,2025-05-12,4.34
4923,634,28,2025-05-14,1.37
4924,634,28,2025-05-16,5.9
4925,634,28,2025-05-18,1.64
4926,634,28,2025-05-19,5.7
4927,634,28,2025-05-20,4.65
4928,634,28,2025-05-22,2.42
4929,634,28,2025-05-23,5.15
4930,634,28,2025-05-25,1.16
4931,634,28,2025-05-26,3.7
4932,634,28,2025-05-28,4.1
4933,635,28,2025-07-28,5.95
4934,635,28,2025-07-30,4.95
4935,635,28,2025-08-01,2.28
4936,635,28,2025-08-03,2.43
4937,636,33,2025-06-14,2.61
4938,636,33,2025-06-16,3.87
4939,637,28,2025-04-30,5.09
4940,637,28,2025-05-01,3.03
4941,637,28,2025-05-03,0.69
4942,638,42,2025-08-07,6.5
4943,638,42,2025-08-09,3.87
4944,638,42,2025-08-12,6.49
4945,638,42,2025-08-13,2.1
4946,638,42,2025-08-15,2.13
4947,638,42,2025-08-18,3.65
4948,638,42,2025-08-21,0.47
4949,639,30,2025-06-03,1.07
4950,639,30,2025-06-06,4.44
4951,639,30,2025-06-09,1.01
4952,639,30,2025-06-10,6.68
4953,639,30,2025-06-12,2.91
4954,639,30,2025-06-13,5.08
4955,639,30,2025-06-15,3.72
4956,640,8,2025-11-24,3.44
4957,640,8,2025-11-27,3.02
4958,641,50,2025-07-26,4.21
4959,641,50,2025-07-28,3.7
4960,641,50,2025-07-30,1.35
4961,641,50,2025-08-02,4.77
4962,641,50,2025-08-03,3.48
4963,641,50,2025-08-05,1.64
4964,641,50,2025-08-06,1.96
4965,641,50,2025-08-08,2.08
4966,641,50,2025-08-09,4.82
4967,641,50,2025-08-11,2.45
4968,641,50,2025-08-14,5.7
4969,641,50,2025-08-17,2.52
4970,641,50,2025-08-18,4.73
4971,641,50,2025-08-21,5.26
4972,641,50,2025-08-22,2.76
4973,641,50,2025-08-25,3.27
4974,642,39,2025-12-16,2.87
4975,642,39,2025-12-18,1.79
4976,642,39,2025-12-21,6.05
4977,642,39,2025-12-24,6.49
4978,642,39,2025-12-26,3.26
4979,643,10,2025-05-12,6.49
4980,643,10,2025-05-14,6.63
4981,643,10,2025-05-17,1.04
4982,643,10,2025-05-20,5.47
4983,643,10,2025-05-22,5.54
4984,643,10,2025-05-25,3.16
4985,643,10,2025-05-26,4.58
4986,643,10,2025-05-29,0.85
4987,644,43,2025-05-20,3.54
4988,644,43,2025-05-21,1.34
4989,644,43,2025-05-22,1.21
4990,644,43,2025-05-24,2.88
4991,644,43,2025-05-26,3.12
4992,644,43,2025-05-27,5.41
4993,644,43,2025-05-30,4.68
4994,644,43,2025-05-31,2.66
4995,644,43,2025-06-02,5.75
4996,644,43,2025-06-05,5.56
4997,644,43,2025-06-07,3.49
4998,644,43,2025-06-10,2.29
4999,644,43,2025-06-13,5.41
5000,644,43,2025-06-16,2.72
5001,644,43,2025-06-18,3.68
5002,644,43,2025-06-19,4.25
5003,644,43,2025-06-21,6.66
5004,645,18,2025-05-25,2.51
5005,645,18,2025-05-27,1.7
5006,645,18,2025-05-30,6.68
5007,645,18,2025-06-01,3.05
5008,645,18,2025-06-04,1.84
5009,645,18,2025-06-06,2.25
5010,645,18,2025-06-09,2.72
5011,645,18,2025-06-12,1.62
5012,645,18,2025-06-15,2.23
5013,645,18,2025-06-18,1.07
5014,646,26,2025-11-10,4.14
5015,646,26,2025-11-12,4.53
5016,646,26,2025-11-15,3.39
5017,646,26,2025-11-18,6.76
5018,646,26,2025-11-20,5.4
5019,646,26,2025-11-22,6.6
5020,646,26,2025-11-24,4.04
5021,646,26,2025-11-26,3.66
5022,647,34,2025-12-02,5.02
5023,647,34,2025-12-04,5.77
5024,647,34,2025-12-07,2.75
5025,647,34,2025-12-08,5.77
5026,647,34,2025-12-10,1.88
5027,647,34,2025-12-13,1.51
5028,647,34,2025-12-16,1.06
5029,647,34,2025-12-18,4.19
5030,647,34,2025-12-19,1.74
5031,649,38,2025-07-22,1.5
5032,649,38,2025-07-24,1.17
5033,649,38,2025-07-26,2.73
5034,649,38,2025-07-28,1.86
5035,649,38,2025-07-29,4.3
5036,649,38,2025-07-31,6.81
5037,649,38,2025-08-03,1.42
5038,649,38,2025-08-06,5.8
5039,649,38,2025-08-08,6.69
5040,649,38,2025-08-09,6.17
5041,649,38,2025-08-10,1.03
5042,649,38,2025-08-12,5.61
5043,649,38,2025-08-15,2.77
5044,649,38,2025-08-17,2.35
5045,651,50,2025-04-26,1.29
5046,651,50,2025-04-29,2.67
5047,651,50,2025-05-02,4.15
5048,651,50,2025-05-04,1.0
5049,652,16,2025-07-18,1.16
5050,652,16,2025-07-19,1.65
5051,652,16,2025-07-22,2.02
5052,652,16,2025-07-25,2.48
5053,652,16,2025-07-28,2.61
5054,652,16,2025-07-29,3.87
5055,652,16,2025-07-31,3.41
5056,652,16,2025-08-03,3.73
5057,652,16,2025-08-05,1.75
5058,652,16,2025-08-07,4.24
5059,652,16,2025-08-09,4.27
5060,652,16,2025-08-10,2.7
5061,652,16,2025-08-11,1.03
5062,652,16,2025-08-13,1.89
5063,652,16,2025-08-15,4.17
5064,652,16,2025-08-16,6.55
5065,652,16,2025-08-19,4.45
5066,652,16,2025-08-22,4.51
5067,652,16,2025-08-24,4.04
5068,652,16,2025-08-27,3.36
5069,652,16,2025-08-30,1.79
5070,652,16,2025-08-31,3.08
5071,652,16,2025-09-03,1.58
5072,652,16,2025-09-06,1.92
5073,652,16,2025-09-07,1.13
5074,653,19,2025-04-29,2.14
5075,653,19,2025-05-02,3.27
5076,653,19,2025-05-04,1.56
5077,653,19,2025-05-07,1.74
5078,654,23,2025-06-13,3.9
5079,654,23,2025-06-15,4.98
5080,654,23,2025-06-18,2.43
5081,654,23,2025-06-19,2.86
5082,655,9,2025-11-17,2.33
5083,655,9,2025-11-19,5.25
5084,655,9,2025-11-22,6.39
5085,655,9,2025-11-24,3.55
5086,655,9,2025-11-27,5.17
5087,655,9,2025-11-30,6.84
5088,655,9,2025-12-03,5.95
5089,655,9,2025-12-04,1.52
5090,655,9,2025-12-07,6.13
5091,655,9,2025-12-08,3.23
5092,655,9,2025-12-11,4.19
5093,655,9,2025-12-13,2.08
5094,655,9,2025-12-14,2.88
5095,655,9,2025-12-17,6.48
5096,655,9,2025-12-20,5.72
5097,655,9,2025-12-21,1.2
5098,655,9,2025-12-23,6.01
5099,655,9,2025-12-25,4.77
5100,655,9,2025-12-27,2.93
5101,655,9,2025-12-30,2.49
5102,656,15,2025-04-23,1.77
5103,656,15,2025-04-26,1.27
5104,656,15,2025-04-28,5.16
5105,656,15,2025-05-01,5.58
5106,656,15,2025-05-02,4.19
5107,656,15,2025-05-05,6.68
5108,656,15,2025-05-07,2.71
5109,656,15,2025-05-10,1.33
5110,656,15,2025-05-13,1.77
5111,656,15,2025-05-15,3.36
5112,656,15,2025-05-16,6.2
5113,656,15,2025-05-19,5.5
5114,656,15,2025-05-20,6.05
5115,656,15,2025-05-22,3.66
5116,656,15,2025-05-24,2.92
5117,656,15,2025-05-25,2.63
5118,656,15,2025-05-26,3.54
5119,656,15,2025-05-28,2.61
5120,656,15,2025-05-30,0.23
5121,657,14,2025-05-28,6.94
5122,657,14,2025-05-31,3.51
5123,657,14,2025-06-03,3.61
5124,657,14,2025-06-06,2.0
5125,657,14,2025-06-08,4.06
5126,657,14,2025-06-09,3.45
5127,657,14,2025-06-12,3.26
5128,657,14,2025-06-13,1.23
5129,657,14,2025-06-14,1.83
5130,658,6,2025-12-20,1.8
5131,658,6,2025-12-23,4.24
5132,658,6,2025-12-25,5.27
5133,658,6,2025-12-28,2.19
5134,658,6,2025-12-30,3.95
5135,658,6,2026-01-02,2.62
5136,658,6,2026-01-03,0.11
5137,659,24,2025-05-16,2.56
5138,659,24,2025-05-17,2.39
5139,659,24,2025-05-18,1.52
5140,660,9,2025-12-19,6.82
5141,660,9,2025-12-21,3.99
5142,660,9,2025-12-24,4.27
5143,660,9,2025-12-27,5.45
5144,660,9,2025-12-30,2.37
5145,660,9,2026-01-02,2.88
5146,660,9,2026-01-05,1.66
5147,660,9,2026-01-08,3.17
5148,660,9,2026-01-10,2.41
5149,660,9,2026-01-11,0.48
5150,661,36,2025-04-27,6.84
5151,661,36,2025-04-30,1.82
5152,661,36,2025-05-03,6.83
5153,661,36,2025-05-06,2.28
5154,661,36,2025-05-08,2.33
5155,661,36,2025-05-10,2.13
5156,662,35,2025-05-17,2.04
5157,662,35,2025-05-19,4.23
5158,662,35,2025-05-21,2.68
5159,663,13,2025-11-22,1.41
5160,663,13,2025-11-24,2.81
5161,663,13,2025-11-25,1.32
5162,663,13,2025-11-26,4.64
5163,664,45,2025-11-22,5.96
5164,664,45,2025-11-23,2.61
5165,664,45,2025-11-25,1.21
5166,664,45,2025-11-27,5.26
5167,664,45,2025-11-29,6.06
5168,664,45,2025-12-02,2.86
5169,664,45,2025-12-03,3.3
5170,664,45,2025-12-04,0.6
5171,665,47,2025-09-14,2.24
5172,665,47,2025-09-16,5.69
5173,665,47,2025-09-19,4.64
5174,665,47,2025-09-22,5.3
5175,665,47,2025-09-23,6.2
5176,665,47,2025-09-25,2.89
5177,667,20,2025-04-14,5.17
5178,667,20,2025-04-16,5.9
5179,667,20,2025-04-17,6.87
5180,667,20,2025-04-18,1.03
5181,667,20,2025-04-21,4.66
5182,667,20,2025-04-22,4.19
5183,667,20,2025-04-23,3.42
5184,668,19,2025-04-10,4.41
5185,668,19,2025-04-11,1.21
5186,668,19,2025-04-14,2.69
5187,668,19,2025-04-15,1.64
5188,668,19,2025-04-16,1.54
5189,668,19,2025-04-19,1.85
5190,668,19,2025-04-22,4.12
5191,668,19,2025-04-25,4.78
5192,669,23,2025-08-15,4.2
5193,669,23,2025-08-17,2.86
5194,669,23,2025-08-20,2.39
5195,669,23,2025-08-23,5.15
5196,669,23,2025-08-24,4.9
5197,669,23,2025-08-25,1.43
5198,669,23,2025-08-27,1.04
5199,669,23,2025-08-29,3.4
5200,669,23,2025-09-01,5.74
5201,670,28,2025-05-29,1.04
5202,670,28,2025-06-01,4.35
5203,670,28,2025-06-02,6.2
5204,670,28,2025-06-04,5.16
5205,670,28,2025-06-05,6.92
5206,670,28,2025-06-06,1.69
5207,670,28,2025-06-07,1.54
5208,670,28,2025-06-09,1.15
5209,671,35,2025-07-23,4.19
5210,671,35,2025-07-24,6.79
5211,671,35,2025-07-27,1.02
5212,671,35,2025-07-28,1.62
5213,672,32,2025-11-05,3.56
5214,672,32,2025-11-07,4.22
5215,672,32,2025-11-10,1.35
5216,672,32,2025-11-12,3.93
5217,672,32,2025-11-14,0.18
5218,673,16,2025-06-16,3.04
5219,673,16,2025-06-19,6.96
5220,673,16,2025-06-21,3.66
5221,673,16,2025-06-24,2.38
5222,673,16,2025-06-27,3.98
5223,673,16,2025-06-28,1.88
5224,673,16,2025-06-29,1.09
5225,673,16,2025-06-30,5.51
5226,673,16,2025-07-03,2.89
5227,673,16,2025-07-04,6.23
5228,673,16,2025-07-07,5.69
5229,673,16,2025-07-09,5.0
5230,673,16,2025-07-10,4.52
5231,674,27,2025-07-24,5.31
5232,674,27,2025-07-25,3.66
5233,674,27,2025-07-27,6.22
5234,674,27,2025-07-28,4.89
5235,674,27,2025-07-29,2.16
5236,674,27,2025-07-30,3.01
5237,674,27,2025-08-01,5.32
5238,674,27,2025-08-03,2.81
5239,674,27,2025-08-06,2.63
5240,674,27,2025-08-09,3.61
5241,674,27,2025-08-12,4.24
5242,674,27,2025-08-13,2.96
5243,674,27,2025-08-14,2.24
5244,674,27,2025-08-15,1.03
5245,675,11,2025-08-06,4.82
5246,675,11,2025-08-08,4.22
5247,676,40,2025-06-14,5.59
5248,676,40,2025-06-17,3.15
5249,676,40,2025-06-18,3.12
5250,676,40,2025-06-19,1.99
5251,676,40,2025-06-20,3.11
5252,676,40,2025-06-21,1.89
5253,676,40,2025-06-22,5.93
5254,676,40,2025-06-23,1.72
5255,677,34,2025-04-26,2.06
5256,677,34,2025-04-29,1.17
5257,677,34,2025-05-02,5.54
5258,677,34,2025-05-04,3.71
5259,677,34,2025-05-07,3.38
5260,677,34,2025-05-08,5.31
5261,677,34,2025-05-09,2.52
5262,677,34,2025-05-11,2.24
5263,677,34,2025-05-14,6.31
5264,677,34,2025-05-17,5.23
5265,677,34,2025-05-19,6.38
5266,677,34,2025-05-22,2.82
5267,677,34,2025-05-24,1.5
5268,677,34,2025-05-27,5.38
5269,677,34,2025-05-30,3.48
5270,677,34,2025-06-01,3.85
5271,677,34,2025-06-03,4.2
5272,677,34,2025-06-06,4.48
5273,677,34,2025-06-08,3.61
5274,677,34,2025-06-09,0.82
5275,678,50,2025-05-18,3.83
5276,678,50,2025-05-21,6.88
5277,678,50,2025-05-22,1.35
5278,678,50,2025-05-25,6.98
5279,678,50,2025-05-28,5.87
5280,678,50,2025-05-31,2.53
5281,678,50,2025-06-02,2.77
5282,679,27,2025-05-08,4.29
5283,679,27,2025-05-11,2.07
5284,679,27,2025-05-12,5.43
5285,679,27,2025-05-15,2.58
5286,679,27,2025-05-17,5.24
5287,679,27,2025-05-18,1.67
5288,679,27,2025-05-21,1.23
5289,679,27,2025-05-24,5.21
5290,679,27,2025-05-26,5.83
5291,679,27,2025-05-28,5.59
5292,679,27,2025-05-31,3.72
5293,679,27,2025-06-03,3.85
5294,679,27,2025-06-06,2.19
5295,679,27,2025-06-07,2.07
5296,680,50,2025-11-25,4.52
5297,680,50,2025-11-26,4.87
5298,680,50,2025-11-29,4.39
5299,680,50,2025-12-02,2.87
5300,680,50,2025-12-03,1.59
5301,680,50,2025-12-06,4.69
5302,680,50,2025-12-08,6.81
5303,680,50,2025-12-11,3.52
5304,681,30,2025-06-02,5.19
5305,682,30,2025-07-27,2.04
5306,682,30,2025-07-29,1.55
5307,683,17,2025-05-25,3.88
5308,683,17,2025-05-27,2.71
5309,683,17,2025-05-28,4.08
5310,683,17,2025-05-31,6.21
5311,683,17,2025-06-03,4.66
5312,683,17,2025-06-05,3.35
5313,683,17,2025-06-07,6.57
5314,683,17,2025-06-08,1.36
5315,683,17,2025-06-11,3.52
5316,683,17,2025-06-13,4.2
5317,683,17,2025-06-16,6.38
5318,683,17,2025-06-18,5.5
5319,683,17,2025-06-19,6.78
5320,683,17,2025-06-21,5.13
5321,683,17,2025-06-22,1.96
5322,683,17,2025-06-23,2.04
5323,684,21,2025-08-10,6.1
5324,684,21,2025-08-13,2.43
5325,685,12,2025-05-24,5.59
5326,685,12,2025-05-25,2.02
5327,685,12,2025-05-27,6.72
5328,685,12,2025-05-28,4.61
5329,685,12,2025-05-31,2.02
5330,685,12,2025-06-01,4.49
5331,685,12,2025-06-04,5.13
5332,685,12,2025-06-06,2.98
5333,685,12,2025-06-07,6.68
5334,685,12,2025-06-08,6.17
5335,685,12,2025-06-10,2.41
5336,685,12,2025-06-13,2.43
5337,685,12,2025-06-14,2.99
5338,685,12,2025-06-15,4.74
5339,685,12,2025-06-18,5.49
5340,685,12,2025-06-20,3.78
5341,685,12,2025-06-23,3.93
5342,685,12,2025-06-26,3.87
5343,685,12,2025-06-29,4.06
5344,685,12,2025-07-02,4.43
5345,685,12,2025-07-04,5.44
5346,686,31,2025-07-30,6.72
5347,686,31,2025-08-01,6.34
5348,686,31,2025-08-04,1.07
5349,686,31,2025-08-06,5.63
5350,686,31,2025-08-08,3.56
5351,687,33,2025-11-21,5.93
5352,687,33,2025-11-24,5.34
5353,687,33,2025-11-27,1.44
5354,687,33,2025-11-29,1.76
5355,689,18,2025-12-09,4.71
5356,689,18,2025-12-11,6.55
5357,689,18,2025-12-12,3.25
5358,689,18,2025-12-13,6.2
5359,689,18,2025-12-15,6.59
5360,689,18,2025-12-16,3.19
5361,689,18,2025-12-17,1.11
5362,689,18,2025-12-19,5.33
5363,689,18,2025-12-22,2.96
5364,690,19,2025-06-10,4.99
5365,690,19,2025-06-12,1.74
5366,690,19,2025-06-14,1.97
5367,690,19,2025-06-17,4.89
5368,690,19,2025-06-18,1.95
5369,692,16,2025-08-05,4.7
5370,692,16,2025-08-07,6.99
5371,692,16,2025-08-10,5.04
5372,692,16,2025-08-11,2.73
5373,692,16,2025-08-14,3.74
5374,692,16,2025-08-17,2.73
5375,692,16,2025-08-18,6.08
5376,692,16,2025-08-20,4.24
5377,692,16,2025-08-22,1.18
5378,692,16,2025-08-25,2.43
5379,692,16,2025-08-26,2.89
5380,692,16,2025-08-27,2.91
5381,692,16,2025-08-28,5.28
5382,692,16,2025-08-30,3.77
5383,692,16,2025-09-02,1.4
5384,692,16,2025-09-05,6.82
5385,692,16,2025-09-06,2.31
5386,692,16,2025-09-07,4.63
5387,692,16,2025-09-08,4.98
5388,692,16,2025-09-11,5.57
5389,692,16,2025-09-13,1.77
5390,693,42,2025-11-24,5.3
5391,693,42,2025-11-26,1.39
5392,693,42,2025-11-28,6.94
5393,693,42,2025-11-30,3.66
5394,693,42,2025-12-01,1.33
5395,693,42,2025-12-02,4.9
5396,693,42,2025-12-03,2.76
5397,693,42,2025-12-06,6.41
5398,693,42,2025-12-08,1.17
5399,693,42,2025-12-11,4.97
5400,693,42,2025-12-12,3.18
5401,693,42,2025-12-14,6.16
5402,693,42,2025-12-15,5.19
5403,693,42,2025-12-18,4.15
5404,693,42,2025-12-20,3.18
5405,693,42,2025-12-22,2.06
5406,693,42,2025-12-24,2.47
5407,693,42,2025-12-26,5.46
5408,694,45,2025-05-02,4.74
5409,694,45,2025-05-05,1.94
5410,694,45,2025-05-07,4.61
5411,694,45,2025-05-08,1.75
5412,694,45,2025-05-09,3.6
5413,694,45,2025-05-11,1.47
5414,694,45,2025-05-14,3.31
5415,694,45,2025-05-15,1.28
5416,694,45,2025-05-16,1.85
5417,694,45,2025-05-18,3.17
5418,694,45,2025-05-20,4.57
5419,695,18,2025-04-09,3.44
5420,695,18,2025-04-12,3.8
5421,695,18,2025-04-15,2.68
5422,695,18,2025-04-16,6.39
5423,695,18,2025-04-19,2.75
5424,695,18,2025-04-20,1.96
5425,696,8,2025-08-07,1.89
5426,696,8,2025-08-09,4.99
5427,696,8,2025-08-10,1.8
5428,696,8,2025-08-11,4.24
5429,696,8,2025-08-13,6.74
5430,696,8,2025-08-14,1.78
5431,696,8,2025-08-17,3.73
5432,696,8,2025-08-19,6.92
5433,696,8,2025-08-22,1.13
5434,697,11,2025-11-16,6.3
5435,697,11,2025-11-18,1.92
5436,697,11,2025-11-21,2.83
5437,699,49,2025-10-09,6.14
5438,699,49,2025-10-11,4.15
5439,699,49,2025-10-13,2.24
5440,700,35,2025-07-19,3.37
5441,700,35,2025-07-20,4.97
5442,701,18,2025-09-28,1.8
5443,701,18,2025-10-01,5.56
5444,701,18,2025-10-03,4.74
5445,701,18,2025-10-06,3.35
5446,701,18,2025-10-07,1.77
5447,701,18,2025-10-08,2.65
5448,701,18,2025-10-10,4.9
5449,701,18,2025-10-11,5.75
5450,701,18,2025-10-13,5.32
5451,701,18,2025-10-15,4.88
5452,701,18,2025-10-17,6.31
5453,701,18,2025-10-18,6.95
5454,701,18,2025-10-21,2.8
5455,701,18,2025-10-22,2.3
5456,701,18,2025-10-25,5.84
5457,701,18,2025-10-26,1.96
5458,701,18,2025-10-28,3.72
5459,701,18,2025-10-30,4.39
5460,701,18,2025-10-31,3.43
5461,701,18,2025-11-02,1.18
5462,701,18,2025-11-03,2.52
5463,703,7,2025-08-15,2.49
5464,703,7,2025-08-16,4.13
5465,703,7,2025-08-19,1.7
5466,703,7,2025-08-20,4.54
5467,703,7,2025-08-22,4.01
5468,703,7,2025-08-25,6.33
5469,703,7,2025-08-28,4.49
5470,703,7,2025-08-29,5.3
5471,703,7,2025-09-01,3.93
5472,703,7,2025-09-03,5.45
5473,703,7,2025-09-04,1.09
5474,704,9,2025-09-16,2.07
5475,704,9,2025-09-18,3.33
5476,704,9,2025-09-19,1.8
5477,704,9,2025-09-22,2.29
5478,704,9,2025-09-25,5.06
5479,704,9,2025-09-26,3.71
5480,704,9,2025-09-27,3.79
5481,704,9,2025-09-30,6.78
5482,704,9,2025-10-03,1.59
5483,704,9,2025-10-05,5.04
5484,704,9,2025-10-08,3.89
5485,704,9,2025-10-11,2.45
5486,704,9,2025-10-13,3.44
5487,704,9,2025-10-15,3.76
5488,704,9,2025-10-17,2.15
5489,704,9,2025-10-20,6.64
5490,704,9,2025-10-21,3.7
5491,704,9,2025-10-23,3.52
5492,704,9,2025-10-25,2.76
5493,704,9,2025-10-28,5.51
5494,704,9,2025-10-31,3.66
5495,704,9,2025-11-03,2.58
5496,704,9,2025-11-05,4.2
5497,704,9,2025-11-07,0.56
5498,705,49,2025-10-07,1.24
5499,705,49,2025-10-10,3.16
5500,705,49,2025-10-11,2.17
5501,706,16,2025-11-17,3.8
5502,706,16,2025-11-19,1.66
5503,706,16,2025-11-20,6.66
5504,706,16,2025-11-22,2.3
5505,706,16,2025-11-23,6.32
5506,706,16,2025-11-26,1.07
5507,706,16,2025-11-29,1.79
5508,706,16,2025-12-02,3.3
5509,706,16,2025-12-05,2.16
5510,706,16,2025-12-06,5.52
5511,706,16,2025-12-08,3.43
5512,706,16,2025-12-11,0.67
5513,707,42,2025-09-19,5.26
5514,707,42,2025-09-21,6.83
5515,707,42,2025-09-23,6.84
5516,707,42,2025-09-25,0.37
5517,708,13,2025-12-01,3.31
5518,708,13,2025-12-04,3.87
5519,708,13,2025-12-06,4.85
5520,708,13,2025-12-08,2.1
5521,708,13,2025-12-11,6.54
5522,708,13,2025-12-14,5.09
5523,708,13,2025-12-17,4.8
5524,708,13,2025-12-20,4.08
5525,708,13,2025-12-21,5.25
5526,708,13,2025-12-22,6.59
5527,708,13,2025-12-23,1.58
5528,708,13,2025-12-25,2.19
5529,708,13,2025-12-28,1.03
5530,708,13,2025-12-30,5.29
5531,708,13,2026-01-01,5.04
5532,708,13,2026-01-02,5.79
5533,708,13,2026-01-04,2.49
5534,708,13,2026-01-05,3.71
5535,708,13,2026-01-06,1.48
5536,708,13,2026-01-08,4.65
5537,708,13,2026-01-11,3.63
5538,709,21,2025-06-05,2.65
5539,709,21,2025-06-08,6.73
5540,709,21,2025-06-11,5.69
5541,709,21,2025-06-14,4.24
5542,709,21,2025-06-16,6.86
5543,709,21,2025-06-17,1.27
5544,709,21,2025-06-19,5.23
5545,709,21,2025-06-21,6.51
5546,709,21,2025-06-24,3.09
5547,709,21,2025-06-26,5.06
5548,709,21,2025-06-27,3.96
5549,709,21,2025-06-28,2.22
5550,709,21,2025-06-30,0.98
5551,710,44,2025-10-06,6.95
5552,710,44,2025-10-09,5.23
5553,710,44,2025-10-10,4.39
5554,710,44,2025-10-12,6.95
5555,710,44,2025-10-15,4.64
5556,710,44,2025-10-18,5.76
5557,711,10,2025-11-06,4.64
5558,711,10,2025-11-07,4.64
5559,711,10,2025-11-10,2.53
5560,711,10,2025-11-12,2.03
5561,712,45,2025-05-27,5.02
5562,713,2,2025-10-09,2.43
5563,713,2,2025-10-10,1.61
5564,713,2,2025-10-11,4.14
5565,713,2,2025-10-13,5.94
5566,713,2,2025-10-16,0.43
5567,714,44,2025-11-23,4.48
5568,714,44,2025-11-24,5.06
5569,714,44,2025-11-27,1.26
5570,714,44,2025-11-28,1.51
5571,714,44,2025-12-01,3.81
5572,714,44,2025-12-02,3.62
5573,715,50,2025-12-03,6.61
5574,715,50,2025-12-06,3.34
5575,715,50,2025-12-07,1.68
5576,715,50,2025-12-09,0.09
5577,716,47,2025-10-09,6.56
5578,716,47,2025-10-11,3.33
5579,716,47,2025-10-13,5.49
5580,716,47,2025-10-15,1.11
5581,716,47,2025-10-16,1.48
5582,716,47,2025-10-19,3.23
5583,716,47,2025-10-21,1.81
5584,716,47,2025-10-22,1.39
5585,717,45,2025-06-10,4.08
5586,717,45,2025-06-12,3.81
5587,720,28,2025-08-13,6.34
5588,720,28,2025-08-14,4.44
5589,720,28,2025-08-15,2.85
5590,720,28,2025-08-18,5.76
5591,720,28,2025-08-19,2.38
5592,720,28,2025-08-20,3.48
5593,721,34,2025-12-01,4.9
5594,721,34,2025-12-04,4.5
5595,721,34,2025-12-05,4.62
5596,721,34,2025-12-07,4.33
5597,721,34,2025-12-10,2.85
5598,721,34,2025-12-13,5.8
5599,721,34,2025-12-14,3.89
5600,722,46,2025-11-21,3.82
5601,722,46,2025-11-23,6.57
5602,722,46,2025-11-25,5.99
5603,722,46,2025-11-28,1.74
5604,722,46,2025-11-30,4.46
5605,724,24,2025-05-16,2.0
5606,724,24,2025-05-19,1.88
5607,724,24,2025-05-21,2.91
5608,724,24,2025-05-22,6.71
5609,724,24,2025-05-24,1.36
5610,724,24,2025-05-27,3.6
5611,724,24,2025-05-30,4.09
5612,724,24,2025-05-31,1.25
5613,725,3,2025-09-15,6.33
5614,725,3,2025-09-17,4.61
5615,725,3,2025-09-20,5.72
5616,725,3,2025-09-21,3.04
5617,725,3,2025-09-22,4.56
5618,725,3,2025-09-23,6.17
5619,725,3,2025-09-24,4.95
5620,725,3,2025-09-26,1.25
5621,725,3,2025-09-29,5.04
5622,725,3,2025-10-01,6.0
5623,725,3,2025-10-03,2.71
5624,725,3,2025-10-05,6.98
5625,725,3,2025-10-06,4.86
5626,725,3,2025-10-09,5.85
5627,725,3,2025-10-10,5.76
5628,725,3,2025-10-13,4.98
5629,725,3,2025-10-16,6.44
5630,725,3,2025-10-17,3.38
5631,725,3,2025-10-18,1.32
5632,725,3,2025-10-21,0.64
5633,726,44,2025-09-27,1.83
5634,726,44,2025-09-30,4.04
5635,726,44,2025-10-03,1.07
5636,727,38,2025-07-25,5.79
5637,727,38,2025-07-28,0.84
5638,728,46,2025-12-21,5.84
5639,728,46,2025-12-24,1.66
5640,728,46,2025-12-25,3.39
5641,728,46,2025-12-26,3.98
5642,728,46,2025-12-27,5.58
5643,728,46,2025-12-29,1.71
5644,728,46,2026-01-01,1.86
5645,728,46,2026-01-03,2.5
5646,728,46,2026-01-05,2.98
5647,728,46,2026-01-06,1.41
5648,728,46,2026-01-09,4.07
5649,729,8,2025-05-29,3.94
5650,729,8,2025-05-30,3.36
5651,729,8,2025-06-02,1.58
5652,729,8,2025-06-05,0.77
5653,730,14,2025-11-17,2.72
5654,730,14,2025-11-19,4.04
5655,730,14,2025-11-20,1.58
5656,730,14,2025-11-23,2.94
5657,730,14,2025-11-26,1.89
5658,730,14,2025-11-28,6.25
5659,730,14,2025-12-01,2.17
5660,731,45,2025-12-03,3.52
5661,731,45,2025-12-04,2.38
5662,731,45,2025-12-06,6.55
5663,731,45,2025-12-09,2.29
5664,731,45,2025-12-11,3.39
5665,732,19,2025-11-30,5.41
5666,732,19,2025-12-01,6.98
5667,732,19,2025-12-04,6.66
5668,732,19,2025-12-06,2.2
5669,732,19,2025-12-07,6.66
5670,732,19,2025-12-09,4.51
5671,732,19,2025-12-10,2.45
5672,732,19,2025-12-11,6.88
5673,732,19,2025-12-14,6.43
5674,732,19,2025-12-15,1.78
5675,732,19,2025-12-16,2.43
5676,733,37,2025-11-11,2.18
5677,733,37,2025-11-14,1.04
5678,733,37,2025-11-15,5.08
5679,733,37,2025-11-17,4.65
5680,733,37,2025-11-20,2.62
5681,733,37,2025-11-22,6.11
5682,733,37,2025-11-24,5.99
5683,733,37,2025-11-26,3.86
5684,733,37,2025-11-28,2.2
5685,733,37,2025-12-01,4.69
5686,733,37,2025-12-02,5.63
5687,733,37,2025-12-05,5.53
5688,733,37,2025-12-07,4.92
5689,733,37,2025-12-10,2.6
5690,733,37,2025-12-11,4.18
5691,734,20,2025-04-12,6.61
5692,734,20,2025-04-15,3.54
5693,734,20,2025-04-18,1.62
5694,734,20,2025-04-19,2.6
5695,734,20,2025-04-22,6.97
5696,734,20,2025-04-25,0.5
5697,735,5,2025-04-10,1.62
5698,735,5,2025-04-11,3.39
5699,735,5,2025-04-14,2.36
5700,735,5,2025-04-15,3.21
5701,735,5,2025-04-18,5.6
5702,735,5,2025-04-21,6.92
5703,735,5,2025-04-23,6.05
5704,735,5,2025-04-24,5.84
5705,735,5,2025-04-27,3.75
5706,735,5,2025-04-28,3.94
5707,735,5,2025-04-29,4.97
5708,735,5,2025-05-01,3.52
5709,735,5,2025-05-04,3.95
5710,735,5,2025-05-05,1.08
5711,735,5,2025-05-07,3.77
5712,735,5,2025-05-10,3.93
5713,735,5,2025-05-12,7.0
5714,735,5,2025-05-15,2.13
5715,735,5,2025-05-18,2.9
5716,735,5,2025-05-21,4.39
5717,735,5,2025-05-23,1.96
5718,735,5,2025-05-26,6.33
5719,735,5,2025-05-29,0.21
5720,736,5,2025-05-25,3.31
5721,736,5,2025-05-28,5.42
5722,736,5,2025-05-31,4.44
5723,736,5,2025-06-01,5.36
5724,736,5,2025-06-03,6.96
5725,736,5,2025-06-05,5.72
5726,736,5,2025-06-06,4.49
5727,737,1,2025-04-19,4.16
5728,737,1,2025-04-22,2.0
5729,738,38,2025-09-23,2.3
5730,738,38,2025-09-26,6.78
5731,738,38,2025-09-29,4.85
5732,738,38,2025-10-01,3.41
5733,738,38,2025-10-02,2.31
5734,739,28,2025-12-03,3.85
5735,739,28,2025-12-06,0.08
5736,740,30,2025-12-19,6.53
5737,740,30,2025-12-21,3.14
5738,742,6,2025-07-30,3.06
5739,742,6,2025-08-01,4.91
5740,742,6,2025-08-04,4.04
5741,742,6,2025-08-05,6.1
5742,742,6,2025-08-07,5.02
5743,742,6,2025-08-09,4.35
5744,743,11,2025-11-16,1.82
5745,743,11,2025-11-19,4.29
5746,743,11,2025-11-21,4.05
5747,743,11,2025-11-23,1.89
5748,743,11,2025-11-26,5.21
5749,743,11,2025-11-28,3.75
5750,744,39,2025-06-06,1.43
5751,744,39,2025-06-09,6.78
5752,744,39,2025-06-11,3.15
5753,745,41,2025-11-10,2.59
5754,745,41,2025-11-11,3.06
5755,746,41,2025-06-06,3.28
5756,746,41,2025-06-07,6.49
5757,746,41,2025-06-09,6.16
5758,746,41,2025-06-10,1.42
5759,746,41,2025-06-12,6.63
5760,746,41,2025-06-15,0.68
5761,747,35,2025-12-02,5.76
5762,747,35,2025-12-04,4.06
5763,747,35,2025-12-07,5.76
5764,747,35,2025-12-09,6.48
5765,747,35,2025-12-12,5.57
5766,747,35,2025-12-15,3.04
5767,748,13,2025-05-23,2.37
5768,748,13,2025-05-25,5.57
5769,748,13,2025-05-26,6.96
5770,748,13,2025-05-28,3.04
5771,748,13,2025-05-29,2.68
5772,748,13,2025-05-30,6.65
5773,748,13,2025-05-31,2.63
5774,748,13,2025-06-02,0.96
5775,749,23,2025-05-19,5.06
5776,749,23,2025-05-22,1.55
5777,749,23,2025-05-25,6.92
5778,749,23,2025-05-26,1.62
5779,749,23,2025-05-27,2.97
5780,749,23,2025-05-29,3.68
5781,749,23,2025-06-01,5.15
5782,749,23,2025-06-02,6.55
5783,749,23,2025-06-04,6.88
5784,749,23,2025-06-05,3.02
5785,749,23,2025-06-07,1.76
5786,749,23,2025-06-09,0.93
5787,750,46,2025-12-21,5.49
5788,750,46,2025-12-23,5.02
5789,750,46,2025-12-24,5.69
5790,750,46,2025-12-26,1.66
5791,750,46,2025-12-28,4.95
5792,750,46,2025-12-29,5.43
5793,750,46,2026-01-01,2.45
5794,750,46,2026-01-03,1.61
5795,750,46,2026-01-04,5.84
5796,750,46,2026-01-06,6.39
5797,750,46,2026-01-08,6.84
5798,750,46,2026-01-09,3.76
5799,751,25,2025-11-09,1.59
5800,751,25,2025-11-11,3.36
5801,751,25,2025-11-13,6.4
5802,751,25,2025-11-14,4.01
5803,751,25,2025-11-15,5.48
5804,751,25,2025-11-18,6.31
5805,751,25,2025-11-20,2.11
5806,752,46,2025-07-24,2.89
5807,752,46,2025-07-27,6.08
5808,752,46,2025-07-28,5.0
5809,752,46,2025-07-30,4.53
5810,752,46,2025-08-02,4.53
5811,753,15,2025-07-30,6.67
5812,753,15,2025-07-31,6.77
5813,753,15,2025-08-02,2.69
5814,753,15,2025-08-05,3.88
5815,753,15,2025-08-08,1.43
5816,753,15,2025-08-09,0.25
5817,754,12,2025-12-15,6.01
5818,754,12,2025-12-17,5.68
5819,754,12,2025-12-20,6.75
5820,754,12,2025-12-22,2.73
5821,754,12,2025-12-25,4.07
5822,754,12,2025-12-27,5.43
5823,754,12,2025-12-30,0.63
5824,755,6,2025-05-07,2.19
5825,755,6,2025-05-09,4.74
5826,755,6,2025-05-11,2.36
5827,755,6,2025-05-12,2.43
5828,755,6,2025-05-14,6.97
5829,755,6,2025-05-16,6.21
5830,755,6,2025-05-19,1.88
5831,755,6,2025-05-21,2.38
5832,755,6,2025-05-24,0.37
5833,756,24,2025-11-30,3.3
5834,756,24,2025-12-01,5.26
5835,756,24,2025-12-04,2.55
5836,756,24,2025-12-07,4.54
5837,756,24,2025-12-09,5.61
5838,756,24,2025-12-10,2.88
5839,756,24,2025-12-13,0.54
5840,757,11,2025-07-28,4.32
5841,757,11,2025-07-30,6.59
5842,757,11,2025-08-02,6.53
5843,757,11,2025-08-04,6.15
5844,757,11,2025-08-07,5.9
5845,757,11,2025-08-09,1.29
5846,757,11,2025-08-10,1.54
5847,757,11,2025-08-11,2.87
5848,757,11,2025-08-14,1.78
5849,757,11,2025-08-15,1.15
5850,758,41,2025-05-29,2.19
5851,758,41,2025-05-31,3.63
5852,758,41,2025-06-01,4.54
5853,759,19,2025-10-06,4.24
5854,759,19,2025-10-09,2.83
5855,759,19,2025-10-12,2.73
5856,760,24,2025-10-06,6.34
5857,760,24,2025-10-09,5.59
5858,760,24,2025-10-12,6.8
5859,760,24,2025-10-13,1.14
5860,760,24,2025-10-16,2.8
5861,760,24,2025-10-17,2.75
5862,760,24,2025-10-20,3.14
5863,760,24,2025-10-21,2.67
5864,760,24,2025-10-22,3.61
5865,760,24,2025-10-23,1.24
5866,761,15,2025-12-03,4.18
5867,761,15,2025-12-06,5.82
5868,761,15,2025-12-08,4.19
5869,761,15,2025-12-10,1.39
5870,761,15,2025-12-13,1.56
5871,761,15,2025-12-15,3.08
5872,761,15,2025-12-16,1.78
5873,761,15,2025-12-19,5.0
5874,761,15,2025-12-22,1.16
5875,761,15,2025-12-23,3.32
5876,761,15,2025-12-24,4.04
5877,761,15,2025-12-25,1.09
5878,761,15,2025-12-26,6.06
5879,762,37,2025-11-10,5.19
5880,762,37,2025-11-12,1.78
5881,762,37,2025-11-14,6.2
5882,762,37,2025-11-17,1.2
5883,762,37,2025-11-19,4.31
5884,762,37,2025-11-21,1.84
5885,762,37,2025-11-23,6.48
5886,762,37,2025-11-25,1.47
5887,763,3,2025-05-10,1.33
5888,763,3,2025-05-11,2.67
5889,763,3,2025-05-12,5.57
5890,763,3,2025-05-15,5.86
5891,763,3,2025-05-17,1.82
5892,764,11,2025-05-23,1.7
5893,764,11,2025-05-26,4.67
5894,764,11,2025-05-28,1.65
5895,764,11,2025-05-31,1.18
5896,765,44,2025-05-20,3.84
5897,765,44,2025-05-22,2.29
5898,765,44,2025-05-24,1.3
5899,765,44,2025-05-26,5.58
5900,765,44,2025-05-29,1.85
5901,765,44,2025-05-30,5.8
5902,765,44,2025-06-01,2.44
5903,765,44,2025-06-02,1.68
5904,765,44,2025-06-04,6.95
5905,765,44,2025-06-07,0.95
5906,766,31,2025-06-14,3.59
5907,766,31,2025-06-17,5.45
5908,766,31,2025-06-19,2.48
5909,766,31,2025-06-20,6.15
5910,766,31,2025-06-23,6.85
5911,766,31,2025-06-25,4.51
5912,767,10,2025-05-20,4.16
5913,767,10,2025-05-22,6.01
5914,767,10,2025-05-25,1.67
5915,767,10,2025-05-26,5.27
5916,767,10,2025-05-29,5.04
5917,767,10,2025-05-30,2.89
5918,768,32,2025-06-13,3.53
5919,768,32,2025-06-16,6.65
5920,768,32,2025-06-19,3.17
5921,768,32,2025-06-21,2.52
5922,768,32,2025-06-23,3.44
5923,768,32,2025-06-26,6.46
5924,768,32,2025-06-27,3.47
5925,768,32,2025-06-30,5.92
5926,768,32,2025-07-02,2.14
5927,769,18,2025-04-20,2.46
5928,769,18,2025-04-22,1.95
5929,769,18,2025-04-23,6.67
5930,769,18,2025-04-24,3.33
5931,769,18,2025-04-25,6.17
5932,769,18,2025-04-26,6.27
5933,769,18,2025-04-28,6.47
5934,769,18,2025-05-01,6.28
5935,769,18,2025-05-03,3.85
5936,769,18,2025-05-06,2.91
5937,769,18,2025-05-07,6.75
5938,769,18,2025-05-09,3.3
5939,769,18,2025-05-10,4.32
5940,769,18,2025-05-13,3.02
5941,769,18,2025-05-15,5.07
5942,769,18,2025-05-18,2.32
5943,769,18,2025-05-20,0.47
5944,770,46,2025-10-05,3.29
5945,770,46,2025-10-07,5.51
5946,770,46,2025-10-10,1.24
5947,770,46,2025-10-12,2.13
5948,770,46,2025-10-13,6.62
5949,770,46,2025-10-15,4.33
5950,770,46,2025-10-17,2.09
5951,771,49,2025-12-19,1.59
5952,771,49,2025-12-20,2.64
5953,771,49,2025-12-22,1.07
5954,772,41,2025-10-03,2.56
5955,772,41,2025-10-05,6.17
5956,772,41,2025-10-06,1.52
5957,772,41,2025-10-09,5.44
5958,772,41,2025-10-12,3.47
5959,772,41,2025-10-13,6.49
5960,772,41,2025-10-14,2.62
5961,772,41,2025-10-16,1.97
5962,772,41,2025-10-19,4.19
5963,773,43,2025-12-01,5.01
5964,773,43,2025-12-04,3.36
5965,773,43,2025-12-06,6.11
5966,773,43,2025-12-08,3.97
5967,773,43,2025-12-09,5.64
5968,773,43,2025-12-12,1.78
5969,773,43,2025-12-15,5.27
5970,773,43,2025-12-16,0.94
5971,774,5,2025-08-12,3.4
5972,774,5,2025-08-14,5.83
5973,774,5,2025-08-15,6.58
5974,774,5,2025-08-18,4.35
5975,774,5,2025-08-20,6.19
5976,774,5,2025-08-21,4.88
5977,774,5,2025-08-23,2.87
5978,774,5,2025-08-26,3.51
5979,774,5,2025-08-29,5.07
5980,774,5,2025-08-30,4.62
5981,774,5,2025-09-01,5.36
5982,774,5,2025-09-03,3.53
5983,774,5,2025-09-05,6.42
5984,774,5,2025-09-07,3.18
5985,774,5,2025-09-08,1.49
5986,774,5,2025-09-11,4.63
5987,774,5,2025-09-12,1.59
5988,775,1,2025-07-29,5.59
5989,775,1,2025-07-30,3.85
5990,775,1,2025-07-31,6.21
5991,775,1,2025-08-02,4.33
5992,776,38,2025-10-03,1.42
5993,776,38,2025-10-05,5.31
5994,776,38,2025-10-07,1.15
5995,776,38,2025-10-10,2.87
5996,776,38,2025-10-11,6.03
5997,776,38,2025-10-12,3.95
5998,776,38,2025-10-15,5.9
5999,776,38,2025-10-18,1.82
6000,776,38,2025-10-19,2.52
6001,776,38,2025-10-20,4.95
6002,776,38,2025-10-23,1.79
6003,776,38,2025-10-25,2.95
6004,776,38,2025-10-26,3.61
6005,776,38,2025-10-27,6.1
6006,776,38,2025-10-30,3.48
6007,776,38,2025-11-01,6.24
6008,776,38,2025-11-02,6.13
6009,776,38,2025-11-03,1.67
6010,776,38,2025-11-06,3.81
6011,776,38,2025-11-08,6.58
6012,776,38,2025-11-11,1.23
6013,777,34,2025-12-05,2.81
6014,777,34,2025-12-08,4.93
6015,777,34,2025-12-09,1.53
6016,777,34,2025-12-11,4.27
6017,777,34,2025-12-13,3.13
6018,777,34,2025-12-14,1.81
6019,777,34,2025-12-17,1.54
6020,777,34,2025-12-20,5.89
6021,777,34,2025-12-21,6.65
6022,777,34,2025-12-23,1.66
6023,777,34,2025-12-26,3.48
6024,777,34,2025-12-28,5.95
6025,777,34,2025-12-30,6.54
6026,777,34,2026-01-02,6.66
6027,777,34,2026-01-05,6.52
6028,777,34,2026-01-07,4.74
6029,777,34,2026-01-09,0.09
6030,778,13,2025-05-10,3.44
6031,778,13,2025-05-11,3.1
6032,778,13,2025-05-12,5.03
6033,778,13,2025-05-13,6.65
6034,778,13,2025-05-14,6.79
6035,778,13,2025-05-17,5.0
6036,778,13,2025-05-20,2.06
6037,778,13,2025-05-21,3.99
6038,778,13,2025-05-23,1.19
6039,778,13,2025-05-24,4.92
6040,778,13,2025-05-26,4.27
6041,778,13,2025-05-27,4.65
6042,778,13,2025-05-28,4.27
6043,778,13,2025-05-31,5.87
6044,778,13,2025-06-03,1.03
6045,778,13,2025-06-04,4.01
6046,778,13,2025-06-05,4.58
6047,778,13,2025-06-07,2.39
6048,779,5,2025-05-18,2.62
6049,779,5,2025-05-19,1.71
6050,779,5,2025-05-22,6.26
6051,779,5,2025-05-25,1.04
6052,779,5,2025-05-27,4.89
6053,779,5,2025-05-28,3.56
6054,779,5,2025-05-31,5.22
6055,780,14,2025-04-19,1.94
6056,780,14,2025-04-22,2.58
6057,780,14,2025-04-25,2.89
6058,780,14,2025-04-26,3.71
6059,780,14,2025-04-27,1.48
6060,780,14,2025-04-29,2.89
6061,780,14,2025-05-01,2.45
6062,780,14,2025-05-03,3.26
6063,780,14,2025-05-06,6.32
6064,780,14,2025-05-08,4.81
6065,780,14,2025-05-11,1.79
6066,781,38,2025-11-13,1.41
6067,781,38,2025-11-16,6.82
6068,781,38,2025-11-17,1.28
6069,781,38,2025-11-18,2.62
6070,781,38,2025-11-20,4.62
6071,781,38,2025-11-21,4.4
6072,781,38,2025-11-22,5.17
6073,781,38,2025-11-23,5.54
6074,781,38,2025-11-26,2.71
6075,781,38,2025-11-29,4.21
6076,781,38,2025-11-30,6.38
6077,781,38,2025-12-02,4.12
6078,781,38,2025-12-03,5.48
6079,781,38,2025-12-04,4.25
6080,781,38,2025-12-06,2.26
6081,781,38,2025-12-09,5.28
6082,781,38,2025-12-10,2.55
6083,781,38,2025-12-13,4.84
6084,781,38,2025-12-14,5.7
6085,781,38,2025-12-17,2.57
6086,781,38,2025-12-18,2.99
6087,782,7,2025-04-07,4.97
6088,782,7,2025-04-10,2.33
6089,782,7,2025-04-11,2.9
6090,782,7,2025-04-13,6.14
6091,782,7,2025-04-15,3.94
6092,782,7,2025-04-16,2.69
6093,782,7,2025-04-19,5.44
6094,782,7,2025-04-22,3.58
6095,782,7,2025-04-25,6.37
6096,782,7,2025-04-26,3.27
6097,782,7,2025-04-29,5.35
6098,782,7,2025-04-30,6.78
6099,782,7,2025-05-02,5.58
6100,782,7,2025-05-03,1.05
6101,782,7,2025-05-04,1.04
6102,782,7,2025-05-06,6.57
6103,782,7,2025-05-09,4.69
6104,782,7,2025-05-10,3.73
6105,783,11,2025-06-09,3.98
6106,783,11,2025-06-12,2.27
6107,783,11,2025-06-14,2.12
6108,783,11,2025-06-16,6.04
6109,783,11,2025-06-19,1.77
6110,783,11,2025-06-20,3.96
6111,784,9,2025-04-07,4.78
6112,784,9,2025-04-08,3.97
6113,784,9,2025-04-09,1.66
6114,784,9,2025-04-11,3.06
6115,784,9,2025-04-14,5.73
6116,784,9,2025-04-15,6.9
6117,784,9,2025-04-16,2.61
6118,784,9,2025-04-18,1.98
6119,784,9,2025-04-20,6.65
6120,784,9,2025-04-23,2.66
6121,784,9,2025-04-25,5.34
6122,784,9,2025-04-28,6.01
6123,784,9,2025-04-30,2.85
6124,784,9,2025-05-01,2.93
6125,784,9,2025-05-04,4.58
6126,784,9,2025-05-06,2.55
6127,784,9,2025-05-09,4.34
6128,785,11,2025-06-13,6.98
6129,785,11,2025-06-14,4.05
6130,785,11,2025-06-17,3.06
6131,785,11,2025-06-19,5.88
6132,785,11,2025-06-21,3.13
6133,785,11,2025-06-22,4.26
6134,785,11,2025-06-25,2.07
6135,786,20,2025-11-12,2.88
6136,786,20,2025-11-13,1.99
6137,787,11,2025-04-06,6.49
6138,787,11,2025-04-08,2.98
6139,787,11,2025-04-10,2.97
6140,787,11,2025-04-12,1.52
6141,787,11,2025-04-14,3.96
6142,787,11,2025-04-17,3.86
6143,787,11,2025-04-18,5.65
6144,787,11,2025-04-20,2.77
6145,787,11,2025-04-23,4.32
6146,787,11,2025-04-26,1.13
6147,787,11,2025-04-29,4.63
6148,787,11,2025-05-02,4.43
6149,787,11,2025-05-03,3.31
6150,788,5,2025-08-12,3.82
6151,788,5,2025-08-15,4.02
6152,788,5,2025-08-17,1.87
6153,788,5,2025-08-20,6.57
6154,788,5,2025-08-22,4.6
6155,788,5,2025-08-23,2.66
6156,788,5,2025-08-25,6.4
6157,788,5,2025-08-28,1.09
6158,788,5,2025-08-30,5.13
6159,788,5,2025-08-31,6.1
6160,788,5,2025-09-01,2.39
6161,788,5,2025-09-04,5.98
6162,788,5,2025-09-06,5.41
6163,788,5,2025-09-08,4.87
6164,788,5,2025-09-11,5.43
6165,788,5,2025-09-13,3.11
6166,788,5,2025-09-16,1.88
6167,788,5,2025-09-17,6.91
6168,788,5,2025-09-18,6.47
6169,788,5,2025-09-19,2.01
6170,790,47,2025-07-24,1.72
6171,790,47,2025-07-26,5.63
6172,790,47,2025-07-27,1.35
6173,790,47,2025-07-28,4.04
6174,790,47,2025-07-29,4.52
6175,790,47,2025-07-31,6.38
6176,790,47,2025-08-03,1.01
6177,790,47,2025-08-05,4.73
6178,790,47,2025-08-08,2.71
6179,790,47,2025-08-09,1.26
6180,790,47,2025-08-12,0.12
6181,791,17,2025-11-27,5.77
6182,791,17,2025-11-28,3.17
6183,791,17,2025-11-29,6.97
6184,791,17,2025-12-01,5.64
6185,791,17,2025-12-03,3.09
6186,791,17,2025-12-05,4.54
6187,791,17,2025-12-06,6.37
6188,792,46,2025-12-02,1.89
6189,792,46,2025-12-05,1.37
6190,792,46,2025-12-07,3.06
6191,792,46,2025-12-09,6.95
6192,792,46,2025-12-10,5.59
6193,792,46,2025-12-12,1.68
6194,792,46,2025-12-14,4.53
6195,792,46,2025-12-15,0.23
6196,794,24,2025-06-12,4.66
6197,794,24,2025-06-15,4.09
6198,794,24,2025-06-18,1.38
6199,794,24,2025-06-21,2.92
6200,794,24,2025-06-24,1.08
6201,794,24,2025-06-25,4.88
6202,794,24,2025-06-26,5.9
6203,795,29,2025-10-08,4.46
6204,795,29,2025-10-09,2.16
6205,795,29,2025-10-11,2.63
6206,795,29,2025-10-12,6.6
6207,795,29,2025-10-15,3.39
6208,795,29,2025-10-17,1.45
6209,796,41,2025-07-20,4.35
6210,796,41,2025-07-21,3.66
6211,796,41,2025-07-23,3.91
6212,797,44,2025-10-30,1.15
6213,797,44,2025-11-01,6.43
6214,797,44,2025-11-02,0.86
6215,798,47,2025-05-27,3.98
6216,798,47,2025-05-30,5.51
6217,798,47,2025-06-02,3.53
6218,798,47,2025-06-05,3.88
6219,798,47,2025-06-07,3.03
6220,798,47,2025-06-08,6.86
6221,798,47,2025-06-11,4.6
6222,798,47,2025-06-12,5.4
6223,799,30,2025-05-10,4.09
6224,799,30,2025-05-11,5.86
6225,799,30,2025-05-14,5.18
6226,799,30,2025-05-17,3.28
6227,799,30,2025-05-18,6.19
6228,799,30,2025-05-20,2.96
6229,799,30,2025-05-22,5.18
6230,799,30,2025-05-23,1.97
6231,799,30,2025-05-26,3.2
6232,799,30,2025-05-28,0.83
6233,800,49,2025-05-04,1.93
6234,800,49,2025-05-05,2.12
6235,800,49,2025-05-08,3.45
6236,800,49,2025-05-10,1.71
6237,800,49,2025-05-12,3.01
6238,800,49,2025-05-14,6.65
6239,800,49,2025-05-15,0.23
6240,801,10,2025-09-13,6.41
6241,801,10,2025-09-14,5.9
6242,801,10,2025-09-16,5.67
6243,801,10,2025-09-18,2.52
6244,801,10,2025-09-20,1.56
6245,801,10,2025-09-23,1.91
6246,801,10,2025-09-26,2.59
6247,802,28,2025-06-05,3.48
6248,803,16,2025-08-06,1.36
6249,803,16,2025-08-09,3.38
6250,803,16,2025-08-10,6.15
6251,803,16,2025-08-13,5.79
6252,803,16,2025-08-16,4.83
6253,803,16,2025-08-17,1.39
6254,803,16,2025-08-18,1.37
6255,803,16,2025-08-19,6.43
6256,803,16,2025-08-20,5.79
6257,803,16,2025-08-21,1.88
6258,803,16,2025-08-24,3.64
6259,803,16,2025-08-27,3.35
6260,803,16,2025-08-28,5.74
6261,804,10,2025-11-29,6.19
6262,804,10,2025-11-30,1.98
6263,804,10,2025-12-03,1.08
6264,805,50,2025-11-14,1.76
6265,805,50,2025-11-15,1.9
6266,805,50,2025-11-16,5.59
6267,805,50,2025-11-17,1.53
6268,806,48,2025-05-20,1.22
6269,806,48,2025-05-22,5.33
6270,806,48,2025-05-25,3.3
6271,806,48,2025-05-26,3.14
6272,806,48,2025-05-28,6.8
6273,806,48,2025-05-30,5.87
6274,806,48,2025-05-31,6.65
6275,806,48,2025-06-02,6.7
6276,806,48,2025-06-03,6.46
6277,806,48,2025-06-05,4.23
6278,807,47,2025-11-26,2.74
6279,807,47,2025-11-29,4.33
6280,807,47,2025-12-01,4.44
6281,807,47,2025-12-04,3.84
6282,807,47,2025-12-06,5.62
6283,808,49,2025-05-06,1.27
6284,808,49,2025-05-09,5.77
6285,808,49,2025-05-10,4.28
6286,808,49,2025-05-12,3.36
6287,808,49,2025-05-13,0.16
6288,809,16,2025-11-16,2.37
6289,809,16,2025-11-19,1.38
6290,810,50,2025-12-09,4.62
6291,810,50,2025-12-12,2.21
6292,811,32,2025-11-17,3.33
6293,811,32,2025-11-19,6.61
6294,811,32,2025-11-22,3.48
6295,811,32,2025-11-25,4.67
6296,811,32,2025-11-27,1.07
6297,811,32,2025-11-30,2.6
6298,811,32,2025-12-03,1.47
6299,811,32,2025-12-04,0.21
6300,812,4,2025-11-23,3.34
6301,812,4,2025-11-24,5.27
6302,812,4,2025-11-27,1.76
6303,812,4,2025-11-29,1.71
6304,812,4,2025-12-02,2.35
6305,812,4,2025-12-05,6.48
6306,812,4,2025-12-06,1.79
6307,813,47,2025-06-06,1.52
6308,813,47,2025-06-09,3.6
6309,813,47,2025-06-11,1.68
6310,813,47,2025-06-13,1.97
6311,814,28,2025-07-26,5.61
6312,816,20,2025-08-17,6.53
6313,816,20,2025-08-20,3.48
6314,816,20,2025-08-21,5.92
6315,817,22,2025-09-26,1.03
6316,817,22,2025-09-27,1.82
6317,817,22,2025-09-30,1.5
6318,817,22,2025-10-03,6.49
6319,817,22,2025-10-05,6.1
6320,817,22,2025-10-08,3.08
6321,817,22,2025-10-10,1.68
6322,817,22,2025-10-12,2.3
6323,817,22,2025-10-13,3.89
6324,817,22,2025-10-16,3.81
6325,817,22,2025-10-18,2.15
6326,818,29,2025-05-22,5.0
6327,818,29,2025-05-23,5.31
6328,818,29,2025-05-26,5.56
6329,818,29,2025-05-27,6.0
6330,818,29,2025-05-30,4.47
6331,819,41,2025-09-19,2.15
6332,819,41,2025-09-22,5.65
6333,819,41,2025-09-23,5.29
6334,819,41,2025-09-25,2.64
6335,819,41,2025-09-26,4.51
6336,819,41,2025-09-28,1.04
6337,819,41,2025-09-29,3.67
6338,819,41,2025-10-02,1.55
6339,820,26,2025-09-19,2.52
6340,820,26,2025-09-21,4.96
6341,820,26,2025-09-22,6.77
6342,820,26,2025-09-25,6.89
6343,820,26,2025-09-26,2.86
6344,820,26,2025-09-28,3.36
6345,820,26,2025-09-29,3.27
6346,820,26,2025-09-30,2.81
6347,820,26,2025-10-01,2.0
6348,820,26,2025-10-03,3.09
6349,820,26,2025-10-05,5.32
6350,820,26,2025-10-08,3.83
6351,820,26,2025-10-11,1.6
6352,820,26,2025-10-13,1.08
6353,820,26,2025-10-14,5.71
6354,820,26,2025-10-17,5.33
6355,820,26,2025-10-19,1.06
6356,820,26,2025-10-21,1.98
6357,820,26,2025-10-24,1.31
6358,820,26,2025-10-27,0.37
6359,821,11,2025-04-28,5.85
6360,821,11,2025-04-29,3.58
6361,821,11,2025-04-30,6.05
6362,821,11,2025-05-02,1.68
6363,821,11,2025-05-05,6.3
6364,821,11,2025-05-06,1.76
6365,821,11,2025-05-07,3.25
6366,821,11,2025-05-08,2.06
6367,821,11,2025-05-11,2.19
6368,821,11,2025-05-14,3.38
6369,821,11,2025-05-17,2.85
6370,821,11,2025-05-20,5.81
6371,821,11,2025-05-23,2.54
6372,821,11,2025-05-24,2.12
6373,821,11,2025-05-25,2.15
6374,821,11,2025-05-27,6.15
6375,821,11,2025-05-28,1.85
6376,821,11,2025-05-29,2.74
6377,821,11,2025-05-31,1.9
6378,821,11,2025-06-03,1.47
6379,821,11,2025-06-05,5.59
6380,821,11,2025-06-07,4.21
6381,821,11,2025-06-10,5.42
6382,821,11,2025-06-12,2.44
6383,821,11,2025-06-13,1.17
6384,821,11,2025-06-14,1.19
6385,821,11,2025-06-17,1.91
6386,821,11,2025-06-20,1.67
6387,822,27,2025-11-25,5.94
6388,822,27,2025-11-27,5.85
6389,822,27,2025-11-29,6.96
6390,822,27,2025-12-02,4.03
6391,822,27,2025-12-04,4.18
6392,822,27,2025-12-07,0.87
6393,825,1,2025-05-13,1.58
6394,825,1,2025-05-15,2.68
6395,825,1,2025-05-18,1.77
6396,825,1,2025-05-19,1.87
6397,825,1,2025-05-20,6.3
6398,825,1,2025-05-21,5.98
6399,825,1,2025-05-24,5.93
6400,825,1,2025-05-26,5.58
6401,825,1,2025-05-27,1.21
6402,825,1,2025-05-28,1.9
6403,825,1,2025-05-31,3.66
6404,825,1,2025-06-01,5.29
6405,825,1,2025-06-02,2.32
6406,825,1,2025-06-04,3.49
6407,825,1,2025-06-06,3.07
6408,825,1,2025-06-09,1.77
6409,825,1,2025-06-10,6.58
6410,825,1,2025-06-13,5.36
6411,825,1,2025-06-15,3.46
6412,825,1,2025-06-18,3.56
6413,826,45,2025-11-19,2.96
6414,826,45,2025-11-21,1.49
6415,826,45,2025-11-24,4.56
6416,826,45,2025-11-25,1.14
6417,826,45,2025-11-28,0.01
6418,827,16,2025-06-09,5.66
6419,827,16,2025-06-10,4.2
6420,827,16,2025-06-11,4.19
6421,827,16,2025-06-13,1.32
6422,827,16,2025-06-15,3.29
6423,827,16,2025-06-17,3.64
6424,827,16,2025-06-19,2.69
6425,827,16,2025-06-20,4.85
6426,827,16,2025-06-23,0.89
6427,828,14,2025-10-31,3.63
6428,828,14,2025-11-02,4.3
6429,828,14,2025-11-05,5.91
6430,828,14,2025-11-06,6.67
6431,828,14,2025-11-09,2.57
6432,828,14,2025-11-10,5.39
6433,828,14,2025-11-12,3.4
6434,828,14,2025-11-13,2.65
6435,828,14,2025-11-16,5.02
6436,828,14,2025-11-19,2.42
6437,828,14,2025-11-22,1.94
6438,828,14,2025-11-24,2.05
6439,828,14,2025-11-25,6.87
6440,828,14,2025-11-28,1.49
6441,828,14,2025-11-29,2.0
6442,828,14,2025-11-30,3.18
6443,828,14,2025-12-02,3.0
6444,830,27,2025-04-27,6.15
6445,830,27,2025-04-29,4.55
6446,830,27,2025-05-02,2.48
6447,831,36,2025-12-14,6.23
6448,831,36,2025-12-16,5.69
6449,831,36,2025-12-19,1.88
6450,831,36,2025-12-20,6.99
6451,831,36,2025-12-21,2.71
6452,831,36,2025-12-24,2.48
6453,831,36,2025-12-25,1.76
6454,831,36,2025-12-28,0.06
6455,832,35,2025-06-03,1.7
6456,832,35,2025-06-06,2.23
6457,832,35,2025-06-08,4.57
6458,832,35,2025-06-10,1.36
6459,832,35,2025-06-12,4.66
6460,833,48,2025-08-15,2.15
6461,835,27,2025-05-22,2.57
6462,835,27,2025-05-25,5.39
6463,835,27,2025-05-28,1.02
6464,835,27,2025-05-31,3.61
6465,835,27,2025-06-01,3.85
6466,835,27,2025-06-04,2.89
6467,835,27,2025-06-05,1.07
6468,835,27,2025-06-07,5.35
6469,835,27,2025-06-08,2.66
6470,835,27,2025-06-09,3.53
6471,835,27,2025-06-11,6.01
6472,835,27,2025-06-12,6.45
6473,835,27,2025-06-15,3.39
6474,835,27,2025-06-16,2.89
6475,835,27,2025-06-18,4.09
6476,835,27,2025-06-20,6.9
6477,835,27,2025-06-21,5.46
6478,835,27,2025-06-24,3.88
6479,835,27,2025-06-25,5.88
6480,835,27,2025-06-28,5.3
6481,835,27,2025-06-29,6.99
6482,835,27,2025-06-30,1.93
6483,836,1,2025-09-24,6.26
6484,836,1,2025-09-25,6.82
6485,836,1,2025-09-27,6.5
6486,836,1,2025-09-28,1.16
6487,836,1,2025-09-30,3.48
6488,836,1,2025-10-03,1.01
6489,836,1,2025-10-05,3.94
6490,836,1,2025-10-07,4.46
6491,836,1,2025-10-10,2.44
6492,836,1,2025-10-11,2.76
6493,836,1,2025-10-12,4.35
6494,836,1,2025-10-14,4.85
6495,836,1,2025-10-16,7.0
6496,836,1,2025-10-17,4.68
6497,836,1,2025-10-20,1.82
6498,836,1,2025-10-22,6.67
6499,836,1,2025-10-24,0.77
6500,837,45,2025-09-21,2.77
6501,837,45,2025-09-22,4.53
6502,838,5,2025-11-08,3.26
6503,838,5,2025-11-10,1.14
6504,838,5,2025-11-12,5.51
6505,838,5,2025-11-14,4.62
6506,838,5,2025-11-17,5.66
6507,838,5,2025-11-20,2.55
6508,838,5,2025-11-21,2.62
6509,838,5,2025-11-23,5.26
6510,838,5,2025-11-26,4.07
6511,838,5,2025-11-29,5.41
6512,838,5,2025-11-30,4.82
6513,838,5,2025-12-03,5.95
6514,838,5,2025-12-05,2.68
6515,838,5,2025-12-08,6.87
6516,838,5,2025-12-10,3.88
6517,838,5,2025-12-12,2.41
6518,838,5,2025-12-14,2.98
6519,838,5,2025-12-15,3.62
6520,839,31,2025-05-31,6.58
6521,839,31,2025-06-01,3.51
6522,839,31,2025-06-04,2.54
6523,840,23,2025-10-31,2.08
6524,840,23,2025-11-01,4.0
6525,840,23,2025-11-02,1.66
6526,840,23,2025-11-04,5.77
6527,840,23,2025-11-07,5.96
6528,840,23,2025-11-10,6.57
6529,840,23,2025-11-12,1.43
6530,841,21,2025-07-18,6.6
6531,841,21,2025-07-20,1.5
6532,841,21,2025-07-23,1.05
6533,841,21,2025-07-26,1.24
6534,841,21,2025-07-28,1.76
6535,841,21,2025-07-30,3.55
6536,841,21,2025-08-02,4.38
6537,841,21,2025-08-04,4.39
6538,841,21,2025-08-07,6.77
6539,841,21,2025-08-10,1.54
6540,841,21,2025-08-11,6.52
6541,841,21,2025-08-12,1.5
6542,841,21,2025-08-15,3.93
6543,841,21,2025-08-16,1.41
6544,841,21,2025-08-18,2.03
6545,841,21,2025-08-20,6.35
6546,841,21,2025-08-21,5.3
6547,841,21,2025-08-22,2.73
6548,841,21,2025-08-25,6.23
6549,841,21,2025-08-28,4.09
6550,841,21,2025-08-31,4.75
6551,841,21,2025-09-02,4.88
6552,841,21,2025-09-04,0.59
6553,842,29,2025-10-02,4.64
6554,842,29,2025-10-04,5.42
6555,842,29,2025-10-06,2.37
6556,842,29,2025-10-08,2.59
6557,842,29,2025-10-09,2.08
6558,842,29,2025-10-10,3.6
6559,842,29,2025-10-11,1.74
6560,843,10,2025-05-26,5.46
6561,843,10,2025-05-27,2.88
6562,843,10,2025-05-28,3.04
6563,844,44,2025-12-10,1.76
6564,844,44,2025-12-12,5.78
6565,844,44,2025-12-15,3.16
6566,844,44,2025-12-18,5.51
6567,844,44,2025-12-20,4.49
6568,844,44,2025-12-21,5.33
6569,844,44,2025-12-22,3.84
6570,844,44,2025-12-25,0.77
6571,845,27,2025-05-26,1.8
6572,845,27,2025-05-28,1.32
6573,845,27,2025-05-30,6.18
6574,845,27,2025-06-01,3.07
6575,845,27,2025-06-04,6.19
6576,845,27,2025-06-06,2.03
6577,845,27,2025-06-07,0.6
6578,846,2,2025-11-14,1.23
6579,846,2,2025-11-16,2.94
6580,846,2,2025-11-19,3.68
6581,846,2,2025-11-20,1.19
6582,846,2,2025-11-21,2.57
6583,847,36,2025-07-17,6.67
6584,847,36,2025-07-19,5.73
6585,847,36,2025-07-20,5.15
6586,847,36,2025-07-21,4.58
6587,847,36,2025-07-24,3.76
6588,848,20,2025-06-05,5.83
6589,848,20,2025-06-07,0.71
6590,849,40,2025-05-31,3.72
6591,849,40,2025-06-01,4.7
6592,849,40,2025-06-02,6.59
6593,849,40,2025-06-04,2.9
6594,849,40,2025-06-07,2.98
6595,849,40,2025-06-09,2.41
6596,850,31,2025-05-16,6.53
6597,850,31,2025-05-18,4.56
6598,850,31,2025-05-21,4.12
6599,850,31,2025-05-23,4.61
6600,851,24,2025-05-28,2.85
6601,851,24,2025-05-29,4.74
6602,851,24,2025-06-01,2.74
6603,852,50,2025-04-26,2.87
6604,852,50,2025-04-27,5.13
6605,852,50,2025-04-30,2.53
6606,852,50,2025-05-03,6.69
6607,852,50,2025-05-06,6.93
6608,852,50,2025-05-08,2.7
6609,852,50,2025-05-09,3.87
6610,852,50,2025-05-11,2.0
6611,852,50,2025-05-14,1.48
6612,852,50,2025-05-15,3.48
6613,852,50,2025-05-16,5.78
6614,852,50,2025-05-18,1.82
6615,852,50,2025-05-20,6.6
6616,852,50,2025-05-22,1.6
6617,852,50,2025-05-23,2.76
6618,852,50,2025-05-24,6.01
6619,852,50,2025-05-25,3.74
6620,852,50,2025-05-27,1.45
6621,853,39,2025-11-17,4.55
6622,853,39,2025-11-19,1.75
6623,853,39,2025-11-22,4.95
6624,854,11,2025-07-21,2.24
6625,854,11,2025-07-23,1.06
6626,854,11,2025-07-24,4.65
6627,854,11,2025-07-26,1.08
6628,854,11,2025-07-29,5.94
6629,854,11,2025-07-31,5.26
6630,854,11,2025-08-03,3.2
6631,854,11,2025-08-06,5.15
6632,854,11,2025-08-08,4.59
6633,854,11,2025-08-11,3.73
6634,855,38,2025-06-11,1.97
6635,855,38,2025-06-12,4.52
6636,855,38,2025-06-15,6.07
6637,855,38,2025-06-18,3.88
6638,855,38,2025-06-19,6.43
6639,855,38,2025-06-22,5.56
6640,855,38,2025-06-24,5.74
6641,855,38,2025-06-25,3.97
6642,855,38,2025-06-27,2.87
6643,855,38,2025-06-29,2.54
6644,855,38,2025-06-30,6.38
6645,855,38,2025-07-02,2.32
6646,855,38,2025-07-04,1.6
6647,855,38,2025-07-06,1.53
6648,855,38,2025-07-09,3.38
6649,855,38,2025-07-11,6.16
6650,856,46,2025-06-16,6.64
6651,856,46,2025-06-18,1.34
6652,856,46,2025-06-21,4.45
6653,856,46,2025-06-24,4.81
6654,856,46,2025-06-26,2.22
6655,856,46,2025-06-27,6.63
6656,856,46,2025-06-28,3.84
6657,856,46,2025-06-30,3.85
6658,856,46,2025-07-02,6.37
6659,856,46,2025-07-05,5.55
6660,856,46,2025-07-06,3.83
6661,856,46,2025-07-08,4.37
6662,857,43,2025-11-20,6.93
6663,857,43,2025-11-21,6.2
6664,857,43,2025-11-24,2.18
6665,857,43,2025-11-25,1.75
6666,857,43,2025-11-26,2.86
6667,857,43,2025-11-29,0.71
6668,858,45,2025-06-01,1.29
6669,858,45,2025-06-04,5.49
6670,858,45,2025-06-07,1.16
6671,858,45,2025-06-10,2.21
6672,858,45,2025-06-11,1.44
6673,859,38,2025-06-11,3.58
6674,859,38,2025-06-14,4.75
6675,859,38,2025-06-17,6.39
6676,859,38,2025-06-18,4.27
6677,859,38,2025-06-19,3.87
6678,859,38,2025-06-20,1.97
6679,859,38,2025-06-22,1.23
6680,859,38,2025-06-23,1.19
6681,859,38,2025-06-26,1.05
6682,860,32,2025-09-17,1.5
6683,860,32,2025-09-19,2.83
6684,860,32,2025-09-21,0.55
6685,861,46,2025-11-21,4.64
6686,861,46,2025-11-23,2.49
6687,861,46,2025-11-24,3.18
6688,861,46,2025-11-26,4.18
6689,861,46,2025-11-27,2.59
6690,861,46,2025-11-30,6.43
6691,861,46,2025-12-01,5.86
6692,861,46,2025-12-03,2.64
6693,862,34,2025-06-05,6.46
6694,862,34,2025-06-06,1.18
6695,862,34,2025-06-09,5.32
6696,862,34,2025-06-12,3.58
6697,862,34,2025-06-15,3.39
6698,862,34,2025-06-16,5.38
6699,862,34,2025-06-18,1.24
6700,862,34,2025-06-19,4.01
6701,862,34,2025-06-21,2.86
6702,862,34,2025-06-22,6.93
6703,862,34,2025-06-24,4.43
6704,862,34,2025-06-25,2.91
6705,862,34,2025-06-27,6.99
6706,862,34,2025-06-28,5.42
6707,862,34,2025-06-29,2.76
6708,863,37,2025-04-06,2.98
6709,863,37,2025-04-08,5.5
6710,863,37,2025-04-09,4.25
6711,863,37,2025-04-11,2.24
6712,863,37,2025-04-13,5.38
6713,863,37,2025-04-14,3.22
6714,863,37,2025-04-15,4.81
6715,863,37,2025-04-17,6.37
6716,863,37,2025-04-18,3.88
6717,863,37,2025-04-20,5.49
6718,863,37,2025-04-23,2.82
6719,863,37,2025-04-26,1.88
6720,863,37,2025-04-29,2.68
6721,863,37,2025-05-02,3.43
6722,863,37,2025-05-04,2.17
6723,863,37,2025-05-06,2.73
6724,863,37,2025-05-09,3.5
6725,863,37,2025-05-10,4.58
6726,863,37,2025-05-13,2.21
6727,864,10,2025-06-12,3.38
6728,864,10,2025-06-13,5.41
6729,865,5,2025-10-05,1.19
6730,865,5,2025-10-07,1.16
6731,865,5,2025-10-08,2.67
6732,865,5,2025-10-09,3.36
6733,865,5,2025-10-11,5.08
6734,865,5,2025-10-14,5.4
6735,865,5,2025-10-17,6.59
6736,865,5,2025-10-20,2.03
6737,865,5,2025-10-21,1.72
6738,865,5,2025-10-22,1.61
6739,865,5,2025-10-25,3.46
6740,865,5,2025-10-26,2.53
6741,866,31,2025-06-12,5.65
6742,866,31,2025-06-15,5.59
6743,866,31,2025-06-18,1.37
6744,866,31,2025-06-19,3.86
6745,866,31,2025-06-22,2.97
6746,866,31,2025-06-24,2.26
6747,866,31,2025-06-26,5.25
6748,866,31,2025-06-29,3.48
6749,866,31,2025-07-01,5.07
6750,866,31,2025-07-04,0.55
6751,867,5,2025-12-18,4.22
6752,867,5,2025-12-21,5.71
6753,867,5,2025-12-23,2.36
6754,867,5,2025-12-26,2.57
6755,867,5,2025-12-28,2.39
6756,867,5,2025-12-29,4.31
6757,867,5,2026-01-01,4.06
6758,867,5,2026-01-04,5.39
6759,867,5,2026-01-06,1.02
6760,868,3,2025-08-14,3.81
6761,868,3,2025-08-15,5.83
6762,868,3,2025-08-18,2.95
6763,868,3,2025-08-21,6.14
6764,868,3,2025-08-23,3.91
6765,868,3,2025-08-25,1.01
6766,868,3,2025-08-26,2.42
6767,868,3,2025-08-28,2.26
6768,868,3,2025-08-31,3.04
6769,868,3,2025-09-01,6.51
6770,868,3,2025-09-02,4.21
6771,868,3,2025-09-05,1.12
6772,868,3,2025-09-07,1.13
6773,869,25,2025-09-11,3.89
6774,869,25,2025-09-13,4.26
6775,869,25,2025-09-14,4.85
6776,869,25,2025-09-17,6.04
6777,869,25,2025-09-20,1.04
6778,869,25,2025-09-21,3.34
6779,869,25,2025-09-23,3.29
6780,869,25,2025-09-24,6.48
6781,869,25,2025-09-25,6.51
6782,870,22,2025-08-09,1.03
6783,870,22,2025-08-12,5.44
6784,870,22,2025-08-15,4.54
6785,870,22,2025-08-18,3.93
6786,870,22,2025-08-21,6.0
6787,870,22,2025-08-24,5.33
6788,870,22,2025-08-26,2.13
6789,870,22,2025-08-28,6.0
6790,870,22,2025-08-29,2.42
6791,870,22,2025-08-31,4.01
6792,870,22,2025-09-03,2.47
6793,870,22,2025-09-06,1.86
6794,870,22,2025-09-08,6.77
6795,870,22,2025-09-09,2.61
6796,870,22,2025-09-11,6.1
6797,870,22,2025-09-12,0.55
6798,871,41,2025-04-24,6.44
6799,871,41,2025-04-26,6.84
6800,871,41,2025-04-28,3.13
6801,871,41,2025-04-30,5.34
6802,871,41,2025-05-03,2.75
6803,872,31,2025-08-09,4.05
6804,872,31,2025-08-11,4.13
6805,872,31,2025-08-13,5.54
6806,872,31,2025-08-16,3.62
6807,872,31,2025-08-17,6.24
6808,872,31,2025-08-20,4.2
6809,872,31,2025-08-23,3.4
6810,872,31,2025-08-24,1.7
6811,872,31,2025-08-27,6.23
6812,872,31,2025-08-30,3.75
6813,872,31,2025-08-31,6.92
6814,872,31,2025-09-03,2.81
6815,872,31,2025-09-05,1.85
6816,873,5,2025-04-19,3.62
6817,873,5,2025-04-22,3.43
6818,873,5,2025-04-23,2.7
6819,873,5,2025-04-24,2.14
6820,873,5,2025-04-27,3.89
6821,873,5,2025-04-30,1.52
6822,873,5,2025-05-02,4.82
6823,873,5,2025-05-03,4.63
6824,873,5,2025-05-04,5.98
6825,873,5,2025-05-05,4.0
6826,873,5,2025-05-07,4.33
6827,873,5,2025-05-09,6.35
6828,873,5,2025-05-11,5.26
6829,873,5,2025-05-13,3.72
6830,873,5,2025-05-15,5.9
6831,873,5,2025-05-17,6.62
6832,873,5,2025-05-19,4.65
6833,873,5,2025-05-21,3.52
6834,873,5,2025-05-24,4.18
6835,874,9,2025-11-09,3.3
6836,874,9,2025-11-11,1.4
6837,874,9,2025-11-14,2.53
6838,874,9,2025-11-17,5.7
6839,874,9,2025-11-20,6.99
6840,874,9,2025-11-23,4.14
6841,874,9,2025-11-24,1.78
6842,874,9,2025-11-25,4.5
6843,874,9,2025-11-27,2.15
6844,874,9,2025-11-28,1.39
6845,874,9,2025-12-01,1.83
6846,874,9,2025-12-02,1.8
6847,874,9,2025-12-04,5.05
6848,874,9,2025-12-05,3.04
6849,874,9,2025-12-06,1.71
6850,874,9,2025-12-07,5.07
6851,874,9,2025-12-08,4.58
6852,874,9,2025-12-11,0.94
6853,875,47,2025-12-14,2.64
6854,875,47,2025-12-16,2.75
6855,875,47,2025-12-19,3.22
6856,875,47,2025-12-20,1.57
6857,875,47,2025-12-23,1.78
6858,875,47,2025-12-26,3.22
6859,876,21,2025-12-10,6.0
6860,876,21,2025-12-11,5.88
6861,876,21,2025-12-14,3.1
6862,876,21,2025-12-15,4.73
6863,876,21,2025-12-16,4.46
6864,876,21,2025-12-18,3.64
6865,876,21,2025-12-21,1.15
6866,876,21,2025-12-22,6.4
6867,876,21,2025-12-24,2.41
6868,876,21,2025-12-26,5.8
6869,876,21,2025-12-27,4.59
6870,878,39,2025-09-29,3.63
6871,878,39,2025-10-02,4.42
6872,878,39,2025-10-04,2.33
6873,878,39,2025-10-07,3.11
6874,879,40,2025-06-06,3.54
6875,879,40,2025-06-09,3.59
6876,880,35,2025-05-24,5.53
6877,881,33,2025-10-03,4.14
6878,881,33,2025-10-06,3.76
6879,881,33,2025-10-08,1.95
6880,881,33,2025-10-11,0.19
6881,882,14,2025-08-02,6.76
6882,882,14,2025-08-05,4.96
6883,882,14,2025-08-06,4.24
6884,882,14,2025-08-09,5.87
6885,882,14,2025-08-11,6.89
6886,882,14,2025-08-12,4.39
6887,882,14,2025-08-14,3.1
6888,882,14,2025-08-16,3.76
6889,882,14,2025-08-17,1.0
6890,882,14,2025-08-18,1.8
6891,882,14,2025-08-21,3.17
6892,882,14,2025-08-22,3.39
6893,882,14,2025-08-25,5.02
6894,882,14,2025-08-28,0.82
6895,884,30,2025-06-09,3.42
6896,884,30,2025-06-12,2.85
6897,884,30,2025-06-15,1.11
6898,884,30,2025-06-16,3.24
6899,884,30,2025-06-19,1.82
6900,884,30,2025-06-21,0.54
6901,885,39,2025-05-23,1.63
6902,885,39,2025-05-26,1.44
6903,885,39,2025-05-28,5.53
6904,885,39,2025-05-31,3.56
6905,887,26,2025-12-13,1.95
6906,887,26,2025-12-16,4.5
6907,887,26,2025-12-18,3.97
6908,887,26,2025-12-21,4.94
6909,887,26,2025-12-24,2.99
6910,887,26,2025-12-26,5.45
6911,887,26,2025-12-28,1.86
6912,887,26,2025-12-30,1.7
6913,887,26,2026-01-01,1.37
6914,887,26,2026-01-04,4.89
6915,887,26,2026-01-07,1.4
6916,887,26,2026-01-09,3.97
6917,887,26,2026-01-10,3.95
6918,887,26,2026-01-13,1.75
6919,887,26,2026-01-16,1.52
6920,887,26,2026-01-17,6.44
6921,887,26,2026-01-19,2.64
6922,887,26,2026-01-21,2.83
6923,887,26,2026-01-23,4.55
6924,887,26,2026-01-24,1.48
6925,888,7,2025-04-07,1.96
6926,888,7,2025-04-10,3.66
6927,889,12,2025-05-09,1.35
6928,889,12,2025-05-11,5.0
6929,889,12,2025-05-14,6.44
6930,889,12,2025-05-17,4.25
6931,889,12,2025-05-19,1.58
6932,889,12,2025-05-22,2.91
6933,889,12,2025-05-24,3.63
6934,889,12,2025-05-26,1.72
6935,890,44,2025-07-24,2.62
6936,890,44,2025-07-27,3.08
6937,890,44,2025-07-28,1.34
6938,890,44,2025-07-30,5.02
6939,891,29,2025-11-08,6.73
6940,891,29,2025-11-11,6.4
6941,891,29,2025-11-14,0.73
6942,893,20,2025-07-22,2.74
6943,893,20,2025-07-23,6.48
6944,893,20,2025-07-25,5.45
6945,893,20,2025-07-26,4.2
6946,893,20,2025-07-28,3.9
6947,893,20,2025-07-29,1.42
6948,893,20,2025-07-30,2.13
6949,894,3,2025-05-16,1.48
6950,894,3,2025-05-19,2.81
6951,894,3,2025-05-20,3.36
6952,894,3,2025-05-23,4.22
6953,894,3,2025-05-24,3.86
6954,894,3,2025-05-26,4.52
6955,894,3,2025-05-28,4.11
6956,894,3,2025-05-30,3.73
6957,894,3,2025-06-01,6.6
6958,894,3,2025-06-02,6.06
6959,894,3,2025-06-04,5.03
6960,894,3,2025-06-06,5.22
6961,894,3,2025-06-07,6.75
6962,894,3,2025-06-08,2.89
6963,894,3,2025-06-09,6.16
6964,894,3,2025-06-12,4.27
6965,894,3,2025-06-13,2.17
6966,894,3,2025-06-15,3.57
6967,894,3,2025-06-17,1.86
6968,895,40,2025-05-30,2.47
6969,895,40,2025-06-02,3.99
6970,895,40,2025-06-03,3.2
6971,895,40,2025-06-06,3.51
6972,895,40,2025-06-09,1.5
6973,895,40,2025-06-12,1.95
6974,895,40,2025-06-13,3.28
6975,895,40,2025-06-16,1.25
6976,895,40,2025-06-19,6.51
6977,895,40,2025-06-20,1.2
6978,895,40,2025-06-23,6.63
6979,895,40,2025-06-25,3.79
6980,895,40,2025-06-27,6.14
6981,895,40,2025-06-28,1.39
6982,895,40,2025-07-01,6.55
6983,895,40,2025-07-03,1.48
6984,895,40,2025-07-06,4.64
6985,895,40,2025-07-09,5.47
6986,895,40,2025-07-10,6.68
6987,895,40,2025-07-11,3.11
6988,895,40,2025-07-12,4.9
6989,895,40,2025-07-14,1.92
6990,895,40,2025-07-16,0.85
6991,897,46,2025-05-25,4.14
6992,897,46,2025-05-27,3.31
6993,897,46,2025-05-28,2.66
6994,897,46,2025-05-29,6.84
6995,897,46,2025-05-31,3.71
6996,897,46,2025-06-01,1.7
6997,897,46,2025-06-02,3.68
6998,897,46,2025-06-05,4.77
6999,897,46,2025-06-06,6.06
7000,897,46,2025-06-07,5.73
7001,897,46,2025-06-08,4.06
7002,897,46,2025-06-10,3.95
7003,897,46,2025-06-11,2.36
7004,897,46,2025-06-14,2.92
7005,897,46,2025-06-15,4.82
7006,897,46,2025-06-16,2.25
7007,897,46,2025-06-17,1.03
7008,898,4,2025-11-25,5.59
7009,898,4,2025-11-26,1.82
7010,898,4,2025-11-27,1.41
7011,898,4,2025-11-30,6.43
7012,898,4,2025-12-02,5.79
7013,898,4,2025-12-03,5.05
7014,898,4,2025-12-06,5.59
7015,898,4,2025-12-08,0.43
7016,899,21,2025-05-08,3.95
7017,899,21,2025-05-09,3.8
7018,899,21,2025-05-12,4.99
7019,899,21,2025-05-13,3.29
7020,899,21,2025-05-16,4.27
7021,899,21,2025-05-17,4.58
7022,899,21,2025-05-19,3.26
7023,899,21,2025-05-20,3.14
7024,899,21,2025-05-22,1.17
7025,899,21,2025-05-23,2.67
7026,899,21,2025-05-24,3.95
7027,899,21,2025-05-27,3.45
7028,899,21,2025-05-30,4.57
7029,899,21,2025-05-31,6.79
7030,899,21,2025-06-02,5.05
7031,899,21,2025-06-04,4.38
7032,899,21,2025-06-06,3.58
7033,900,41,2025-06-11,4.73
7034,900,41,2025-06-13,3.96
7035,900,41,2025-06-16,1.25
7036,900,41,2025-06-19,1.91
7037,900,41,2025-06-21,2.99
7038,901,12,2025-05-18,6.49
7039,901,12,2025-05-21,2.64
7040,901,12,2025-05-22,6.12
7041,901,12,2025-05-23,4.49
7042,901,12,2025-05-26,3.73
7043,901,12,2025-05-29,3.59
7044,901,12,2025-05-31,4.87
7045,901,12,2025-06-03,5.19
7046,901,12,2025-06-06,2.07
7047,901,12,2025-06-07,3.28
7048,901,12,2025-06-09,2.76
7049,901,12,2025-06-12,5.01
7050,901,12,2025-06-15,4.81
7051,901,12,2025-06-18,1.59
7052,901,12,2025-06-20,5.35
7053,901,12,2025-06-22,4.1
7054,902,1,2025-08-15,5.64
7055,902,1,2025-08-17,1.81
7056,902,1,2025-08-20,2.66
7057,902,1,2025-08-21,6.23
7058,902,1,2025-08-22,6.36
7059,902,1,2025-08-23,2.48
7060,902,1,2025-08-26,1.07
7061,902,1,2025-08-27,2.97
7062,902,1,2025-08-29,6.25
7063,902,1,2025-08-31,3.64
7064,907,8,2025-06-13,4.98
7065,907,8,2025-06-15,1.85
7066,907,8,2025-06-17,2.41
7067,908,19,2025-11-23,3.38
7068,908,19,2025-11-26,4.32
7069,908,19,2025-11-29,2.07
7070,909,40,2025-05-18,6.63
7071,909,40,2025-05-20,3.41
7072,909,40,2025-05-22,4.73
7073,909,40,2025-05-23,6.49
7074,909,40,2025-05-26,4.14
7075,909,40,2025-05-27,5.14
7076,909,40,2025-05-30,1.59
7077,909,40,2025-06-01,2.47
7078,910,19,2025-04-18,3.58
7079,911,26,2025-06-07,5.2
7080,911,26,2025-06-09,2.26
7081,911,26,2025-06-11,4.39
7082,911,26,2025-06-12,3.87
7083,911,26,2025-06-14,1.54
7084,911,26,2025-06-15,5.6
7085,911,26,2025-06-18,2.2
7086,912,13,2025-05-31,5.37
7087,912,13,2025-06-01,5.09
7088,912,13,2025-06-03,1.79
7089,912,13,2025-06-04,4.29
7090,912,13,2025-06-07,1.88
7091,912,13,2025-06-09,5.71
7092,912,13,2025-06-12,1.43
7093,913,36,2025-06-16,4.65
7094,913,36,2025-06-17,1.15
7095,913,36,2025-06-20,2.95
7096,913,36,2025-06-22,2.25
7097,913,36,2025-06-24,4.9
7098,913,36,2025-06-27,6.69
7099,913,36,2025-06-28,3.31
7100,913,36,2025-06-30,1.45
7101,914,48,2025-08-13,5.97
7102,914,48,2025-08-15,1.44
7103,914,48,2025-08-17,1.75
7104,914,48,2025-08-19,1.21
7105,915,48,2025-09-20,3.04
7106,916,11,2025-08-12,2.69
7107,916,11,2025-08-15,3.89
7108,916,11,2025-08-16,2.1
7109,917,40,2025-06-03,3.09
7110,917,40,2025-06-06,1.05
7111,917,40,2025-06-09,6.8
7112,917,40,2025-06-12,5.36
7113,917,40,2025-06-15,3.11
7114,917,40,2025-06-18,6.11
7115,917,40,2025-06-21,5.65
7116,917,40,2025-06-22,3.52
7117,917,40,2025-06-23,1.72
7118,917,40,2025-06-26,5.33
7119,917,40,2025-06-29,4.16
7120,917,40,2025-07-01,2.13
7121,917,40,2025-07-04,5.57
7122,917,40,2025-07-05,1.16
7123,917,40,2025-07-07,1.48
7124,917,40,2025-07-08,4.83
7125,917,40,2025-07-10,5.32
7126,917,40,2025-07-12,1.18
7127,917,40,2025-07-15,6.75
7128,917,40,2025-07-16,6.16
7129,917,40,2025-07-18,1.32
7130,918,45,2025-10-31,4.25
7131,918,45,2025-11-02,2.19
7132,918,45,2025-11-04,1.78
7133,919,22,2025-05-11,4.0
7134,919,22,2025-05-13,1.97
7135,919,22,2025-05-14,1.66
7136,919,22,2025-05-17,1.45
7137,919,22,2025-05-18,4.04
7138,919,22,2025-05-20,5.05
7139,919,22,2025-05-22,5.08
7140,919,22,2025-05-25,5.23
7141,919,22,2025-05-27,5.97
7142,919,22,2025-05-30,4.97
7143,919,22,2025-06-01,3.49
7144,919,22,2025-06-02,5.54
7145,919,22,2025-06-05,1.29
7146,919,22,2025-06-08,1.66
7147,919,22,2025-06-09,2.7
7148,919,22,2025-06-11,1.94
7149,919,22,2025-06-13,3.78
7150,919,22,2025-06-14,5.34
7151,919,22,2025-06-16,6.97
7152,919,22,2025-06-18,3.04
7153,920,11,2025-04-09,3.14
7154,921,50,2025-09-27,3.82
7155,921,50,2025-09-29,1.89
7156,921,50,2025-09-30,3.5
7157,921,50,2025-10-02,5.12
7158,921,50,2025-10-04,5.78
7159,921,50,2025-10-05,1.21
7160,921,50,2025-10-07,3.23
7161,921,50,2025-10-08,5.05
7162,921,50,2025-10-09,5.08
7163,921,50,2025-10-10,3.6
7164,921,50,2025-10-12,6.67
7165,921,50,2025-10-13,6.96
7166,921,50,2025-10-15,5.89
7167,921,50,2025-10-18,6.0
7168,921,50,2025-10-21,2.28
7169,921,50,2025-10-22,2.38
7170,921,50,2025-10-23,0.28
7171,922,6,2025-05-30,4.37
7172,922,6,2025-06-02,2.1
7173,922,6,2025-06-04,4.89
7174,922,6,2025-06-07,6.26
7175,922,6,2025-06-10,5.72
7176,922,6,2025-06-11,5.25
7177,922,6,2025-06-14,5.6
7178,922,6,2025-06-15,2.4
7179,922,6,2025-06-16,6.55
7180,922,6,2025-06-19,1.21
7181,922,6,2025-06-20,1.68
7182,923,38,2025-08-13,6.12
7183,923,38,2025-08-15,4.41
7184,923,38,2025-08-16,5.67
7185,923,38,2025-08-18,4.55
7186,923,38,2025-08-19,5.04
7187,923,38,2025-08-20,2.15
7188,923,38,2025-08-21,2.64
7189,923,38,2025-08-24,3.25
7190,923,38,2025-08-27,5.22
7191,923,38,2025-08-28,3.88
7192,923,38,2025-08-30,5.04
7193,923,38,2025-09-02,5.8
7194,923,38,2025-09-04,3.06
7195,923,38,2025-09-06,5.48
7196,923,38,2025-09-07,6.75
7197,923,38,2025-09-09,2.62
7198,923,38,2025-09-11,2.91
7199,923,38,2025-09-12,2.43
7200,923,38,2025-09-14,5.86
7201,923,38,2025-09-15,1.46
7202,924,24,2025-05-15,1.15
7203,924,24,2025-05-18,3.41
7204,924,24,2025-05-19,3.54
7205,924,24,2025-05-20,6.2
7206,924,24,2025-05-22,6.33
7207,924,24,2025-05-24,1.26
7208,924,24,2025-05-26,5.05
7209,924,24,2025-05-29,1.56
7210,925,43,2025-07-17,1.96
7211,925,43,2025-07-20,6.64
7212,925,43,2025-07-23,5.11
7213,925,43,2025-07-26,2.07
7214,925,43,2025-07-27,4.78
7215,925,43,2025-07-29,6.94
7216,925,43,2025-07-30,5.11
7217,925,43,2025-08-02,2.41
7218,926,38,2025-07-25,3.01
7219,926,38,2025-07-28,4.61
7220,926,38,2025-07-31,6.75
7221,926,38,2025-08-01,5.82
7222,926,38,2025-08-02,4.98
7223,926,38,2025-08-05,0.94
7224,927,11,2025-04-20,5.88
7225,927,11,2025-04-22,3.16
7226,927,11,2025-04-23,6.29
7227,927,11,2025-04-25,4.83
7228,927,11,2025-04-28,4.72
7229,927,11,2025-04-30,1.49
7230,928,13,2025-05-09,1.92
7231,928,13,2025-05-10,5.66
7232,928,13,2025-05-11,6.88
7233,928,13,2025-05-13,2.35
7234,928,13,2025-05-16,6.61
7235,928,13,2025-05-19,1.02
7236,928,13,2025-05-22,2.59
7237,928,13,2025-05-24,1.49
7238,928,13,2025-05-26,4.91
7239,928,13,2025-05-29,5.12
7240,928,13,2025-05-30,6.55
7241,928,13,2025-06-01,2.75
7242,928,13,2025-06-02,6.32
7243,928,13,2025-06-05,3.56
7244,928,13,2025-06-08,5.95
7245,928,13,2025-06-10,2.64
7246,928,13,2025-06-12,3.47
7247,929,27,2025-11-25,2.92
7248,929,27,2025-11-28,5.65
7249,929,27,2025-12-01,3.11
7250,929,27,2025-12-04,2.74
7251,929,27,2025-12-05,5.22
7252,929,27,2025-12-06,1.82
7253,929,27,2025-12-08,2.09
7254,929,27,2025-12-11,5.29
7255,929,27,2025-12-14,6.33
7256,929,27,2025-12-15,1.38
7257,929,27,2025-12-18,2.96
7258,929,27,2025-12-21,6.11
7259,929,27,2025-12-24,3.46
7260,929,27,2025-12-27,4.83
7261,929,27,2025-12-30,2.9
7262,929,27,2026-01-01,3.66
7263,930,4,2025-10-10,5.56
7264,930,4,2025-10-13,3.94
7265,930,4,2025-10-14,5.6
7266,930,4,2025-10-17,6.12
7267,930,4,2025-10-18,4.19
7268,933,44,2025-11-14,2.66
7269,933,44,2025-11-16,0.77
7270,934,1,2025-06-07,4.2
7271,934,1,2025-06-10,6.98
7272,934,1,2025-06-11,2.37
7273,934,1,2025-06-13,2.46
7274,934,1,2025-06-15,3.64
7275,934,1,2025-06-17,2.85
7276,934,1,2025-06-18,6.15
7277,934,1,2025-06-21,2.03
7278,934,1,2025-06-22,5.78
7279,934,1,2025-06-25,1.6
7280,936,44,2025-05-13,2.02
7281,936,44,2025-05-15,3.91
7282,936,44,2025-05-18,4.75
7283,936,44,2025-05-20,6.33
7284,936,44,2025-05-23,5.96
7285,936,44,2025-05-26,4.92
7286,936,44,2025-05-29,0.47
7287,937,43,2025-07-26,2.54
7288,937,43,2025-07-27,4.76
7289,937,43,2025-07-28,6.58
7290,937,43,2025-07-30,3.28
7291,937,43,2025-08-02,4.34
7292,937,43,2025-08-04,6.04
7293,937,43,2025-08-07,2.18
7294,937,43,2025-08-08,6.27
7295,937,43,2025-08-11,5.66
7296,937,43,2025-08-12,1.66
7297,937,43,2025-08-14,1.48
7298,937,43,2025-08-16,3.82
7299,937,43,2025-08-18,5.24
7300,937,43,2025-08-19,4.12
7301,937,43,2025-08-21,1.1
7302,938,39,2025-09-27,2.77
7303,938,39,2025-09-30,4.94
7304,938,39,2025-10-02,1.61
7305,938,39,2025-10-04,1.03
7306,938,39,2025-10-05,4.13
7307,938,39,2025-10-06,3.94
7308,938,39,2025-10-08,4.43
7309,938,39,2025-10-09,5.6
7310,939,36,2025-12-21,6.73
7311,939,36,2025-12-22,6.36
7312,939,36,2025-12-23,6.43
7313,939,36,2025-12-25,1.86
7314,940,5,2025-05-17,1.25
7315,940,5,2025-05-20,1.38
7316,940,5,2025-05-21,5.8
7317,940,5,2025-05-23,5.99
7318,940,5,2025-05-25,6.18
7319,940,5,2025-05-28,1.32
7320,940,5,2025-05-30,4.33
7321,940,5,2025-06-02,3.52
7322,940,5,2025-06-03,3.94
7323,940,5,2025-06-04,1.13
7324,940,5,2025-06-06,4.6
7325,940,5,2025-06-09,3.56
7326,940,5,2025-06-10,6.94
7327,940,5,2025-06-12,1.38
7328,940,5,2025-06-15,3.35
7329,940,5,2025-06-18,1.02
7330,940,5,2025-06-20,3.38
7331,940,5,2025-06-22,2.39
7332,940,5,2025-06-25,2.34
7333,940,5,2025-06-26,3.88
7334,940,5,2025-06-28,2.64
7335,940,5,2025-06-29,1.21
7336,940,5,2025-06-30,3.3
7337,940,5,2025-07-01,6.75
7338,940,5,2025-07-04,2.59
7339,940,5,2025-07-07,1.94
7340,940,5,2025-07-10,4.15
7341,940,5,2025-07-12,3.85
7342,941,43,2025-08-13,6.01
7343,941,43,2025-08-14,2.97
7344,941,43,2025-08-16,5.21
7345,941,43,2025-08-18,1.56
7346,941,43,2025-08-19,6.26
7347,941,43,2025-08-22,1.67
7348,941,43,2025-08-25,4.27
7349,941,43,2025-08-28,3.44
7350,941,43,2025-08-30,3.51
7351,941,43,2025-08-31,6.06
7352,941,43,2025-09-03,6.25
7353,941,43,2025-09-06,6.48
7354,941,43,2025-09-08,4.22
7355,941,43,2025-09-10,1.02
7356,941,43,2025-09-13,1.12
7357,941,43,2025-09-16,3.09
7358,941,43,2025-09-17,3.49
7359,942,28,2025-11-24,3.14
7360,942,28,2025-11-26,1.32
7361,942,28,2025-11-27,1.25
7362,942,28,2025-11-29,4.32
7363,942,28,2025-12-02,6.46
7364,942,28,2025-12-03,1.35
7365,942,28,2025-12-05,2.19
7366,942,28,2025-12-08,4.63
7367,942,28,2025-12-10,3.08
7368,942,28,2025-12-12,3.61
7369,943,24,2025-05-17,3.48
7370,943,24,2025-05-18,2.58
7371,943,24,2025-05-21,1.25
7372,943,24,2025-05-23,1.55
7373,943,24,2025-05-24,1.59
7374,944,7,2025-08-01,4.55
7375,944,7,2025-08-04,1.42
7376,944,7,2025-08-06,4.19
7377,944,7,2025-08-09,3.06
7378,944,7,2025-08-10,1.46
7379,944,7,2025-08-13,6.47
7380,944,7,2025-08-16,1.06
7381,944,7,2025-08-18,2.71
7382,944,7,2025-08-20,1.11
7383,944,7,2025-08-22,2.75
7384,944,7,2025-08-24,6.06
7385,945,14,2025-07-25,6.78
7386,945,14,2025-07-28,3.72
7387,945,14,2025-07-30,4.78
7388,946,16,2025-11-17,3.61
7389,946,16,2025-11-19,2.41
7390,946,16,2025-11-22,3.75
7391,946,16,2025-11-25,3.33
7392,946,16,2025-11-27,6.04
7393,946,16,2025-11-28,5.28
7394,946,16,2025-11-29,6.54
7395,946,16,2025-12-01,5.71
7396,946,16,2025-12-02,4.79
7397,946,16,2025-12-05,4.22
7398,946,16,2025-12-08,4.41
7399,946,16,2025-12-11,2.74
7400,946,16,2025-12-13,4.01
7401,946,16,2025-12-14,1.61
7402,946,16,2025-12-17,1.88
7403,946,16,2025-12-20,5.52
7404,946,16,2025-12-23,0.38
7405,947,5,2025-05-23,1.23
7406,947,5,2025-05-24,2.02
7407,947,5,2025-05-26,5.03
7408,947,5,2025-05-28,1.91
7409,947,5,2025-05-30,3.44
7410,947,5,2025-06-02,1.3
7411,947,5,2025-06-03,4.68
7412,947,5,2025-06-05,1.94
7413,948,13,2025-09-19,5.9
7414,948,13,2025-09-20,1.92
7415,948,13,2025-09-23,4.12
7416,948,13,2025-09-24,1.59
7417,948,13,2025-09-27,4.29
7418,948,13,2025-09-30,4.83
7419,948,13,2025-10-02,2.25
7420,948,13,2025-10-03,6.0
7421,948,13,2025-10-06,4.54
7422,948,13,2025-10-09,2.2
7423,948,13,2025-10-10,2.41
7424,949,33,2025-08-12,4.78
7425,949,33,2025-08-15,6.06
7426,949,33,2025-08-17,2.23
7427,949,33,2025-08-20,3.27
7428,949,33,2025-08-21,2.67
7429,949,33,2025-08-22,5.04
7430,949,33,2025-08-24,2.61
7431,949,33,2025-08-27,5.63
7432,949,33,2025-08-28,2.17
7433,950,30,2025-11-14,1.03
7434,950,30,2025-11-17,4.88
7435,950,30,2025-11-19,2.69
7436,950,30,2025-11-22,5.53
7437,950,30,2025-11-25,5.76
7438,950,30,2025-11-27,2.1
7439,950,30,2025-11-28,5.12
7440,951,14,2025-05-29,1.03
7441,951,14,2025-05-30,3.64
7442,951,14,2025-06-02,6.2
7443,951,14,2025-06-05,5.45
7444,951,14,2025-06-06,6.48
7445,951,14,2025-06-08,2.23
7446,951,14,2025-06-11,6.61
7447,951,14,2025-06-13,2.82
7448,951,14,2025-06-16,0.22
7449,952,12,2025-12-09,6.14
7450,952,12,2025-12-11,6.68
7451,952,12,2025-12-14,1.44
7452,952,12,2025-12-16,4.94
7453,952,12,2025-12-19,5.69
7454,952,12,2025-12-20,4.7
7455,952,12,2025-12-21,5.19
7456,952,12,2025-12-22,4.68
7457,952,12,2025-12-25,4.47
7458,952,12,2025-12-26,3.49
7459,952,12,2025-12-29,1.85
7460,952,12,2026-01-01,2.11
7461,952,12,2026-01-02,4.36
7462,952,12,2026-01-03,2.75
7463,953,15,2025-09-13,5.05
7464,953,15,2025-09-16,5.26
7465,953,15,2025-09-17,6.6
7466,953,15,2025-09-19,4.97
7467,953,15,2025-09-21,4.3
7468,953,15,2025-09-22,5.29
7469,954,28,2025-05-27,5.32
7470,954,28,2025-05-29,2.73
7471,954,28,2025-05-31,1.63
7472,954,28,2025-06-02,0.32
7473,955,26,2025-05-23,5.62
7474,955,26,2025-05-25,1.7
7475,955,26,2025-05-27,4.8
7476,955,26,2025-05-30,5.69
7477,955,26,2025-05-31,4.17
7478,955,26,2025-06-03,4.49
7479,955,26,2025-06-04,1.22
7480,955,26,2025-06-07,6.9
7481,955,26,2025-06-10,5.63
7482,955,26,2025-06-11,1.68
7483,955,26,2025-06-13,2.0
7484,955,26,2025-06-15,1.28
7485,955,26,2025-06-18,4.19
7486,955,26,2025-06-20,2.16
7487,955,26,2025-06-23,2.11
7488,955,26,2025-06-26,2.01
7489,956,25,2025-09-29,6.0
7490,956,25,2025-10-02,2.25
7491,956,25,2025-10-03,5.83
7492,956,25,2025-10-04,1.88
7493,956,25,2025-10-05,5.76
7494,956,25,2025-10-07,6.73
7495,957,28,2025-07-21,1.27
7496,957,28,2025-07-23,5.79
7497,957,28,2025-07-25,6.2
7498,957,28,2025-07-27,6.29
7499,957,28,2025-07-29,2.57
7500,957,28,2025-07-30,5.6
7501,958,49,2025-12-06,1.03
7502,958,49,2025-12-08,4.84
7503,958,49,2025-12-11,5.8
7504,958,49,2025-12-13,6.26
7505,958,49,2025-12-14,1.9
7506,958,49,2025-12-16,1.4
7507,958,49,2025-12-18,1.77
7508,958,49,2025-12-20,1.15
7509,958,49,2025-12-22,4.9
7510,959,12,2025-11-01,2.62
7511,959,12,2025-11-04,3.91
7512,959,12,2025-11-06,5.08
7513,959,12,2025-11-09,6.1
7514,959,12,2025-11-11,1.4
7515,959,12,2025-11-14,5.21
7516,959,12,2025-11-17,6.3
7517,959,12,2025-11-19,6.72
7518,959,12,2025-11-20,5.71
7519,959,12,2025-11-23,2.0
7520,959,12,2025-11-25,3.47
7521,960,13,2025-11-24,3.29
7522,960,13,2025-11-26,2.66
7523,960,13,2025-11-29,1.45
7524,960,13,2025-12-01,3.05
7525,960,13,2025-12-03,5.92
7526,960,13,2025-12-04,2.23
7527,960,13,2025-12-05,5.18
7528,960,13,2025-12-07,3.22
7529,960,13,2025-12-08,2.7
7530,961,48,2025-10-08,2.12
7531,961,48,2025-10-11,5.77
7532,961,48,2025-10-14,5.77
7533,961,48,2025-10-17,2.21
7534,961,48,2025-10-18,5.09
7535,961,48,2025-10-20,2.19
7536,961,48,2025-10-21,4.48
7537,961,48,2025-10-22,1.36
7538,961,48,2025-10-24,2.67
7539,961,48,2025-10-25,1.73
7540,961,48,2025-10-28,2.91
7541,961,48,2025-10-29,1.93
7542,961,48,2025-10-31,4.91
7543,961,48,2025-11-02,3.14
7544,961,48,2025-11-03,2.03
7545,961,48,2025-11-04,6.25
7546,961,48,2025-11-05,3.32
7547,962,40,2025-07-21,1.6
7548,962,40,2025-07-23,2.05
7549,962,40,2025-07-24,2.9
7550,962,40,2025-07-27,6.59
7551,962,40,2025-07-28,6.34
7552,962,40,2025-07-31,0.68
7553,963,48,2025-11-04,1.68
7554,963,48,2025-11-05,4.65
7555,963,48,2025-11-06,6.95
7556,963,48,2025-11-08,4.72
7557,963,48,2025-11-11,1.94
7558,963,48,2025-11-14,4.01
7559,963,48,2025-11-16,0.6
7560,964,10,2025-08-15,1.1
7561,964,10,2025-08-17,1.46
7562,964,10,2025-08-18,6.35
7563,964,10,2025-08-19,4.25
7564,964,10,2025-08-20,6.78
7565,964,10,2025-08-23,1.36
7566,964,10,2025-08-26,2.98
7567,965,37,2025-08-08,5.0
7568,965,37,2025-08-09,1.34
7569,965,37,2025-08-10,6.86
7570,965,37,2025-08-13,5.44
7571,965,37,2025-08-15,2.59
7572,966,32,2025-05-29,6.98
7573,966,32,2025-06-01,3.21
7574,966,32,2025-06-04,2.99
7575,966,32,2025-06-07,3.54
7576,966,32,2025-06-10,2.13
7577,966,32,2025-06-12,3.31
7578,966,32,2025-06-14,3.9
7579,967,33,2025-12-22,3.81
7580,967,33,2025-12-25,6.36
7581,967,33,2025-12-26,6.63
7582,967,33,2025-12-29,2.64
7583,967,33,2025-12-31,1.63
7584,967,33,2026-01-03,2.42
7585,967,33,2026-01-04,2.16
7586,967,33,2026-01-05,6.23
7587,967,33,2026-01-06,5.08
7588,967,33,2026-01-08,6.47
7589,967,33,2026-01-10,4.21
7590,967,33,2026-01-13,6.73
7591,967,33,2026-01-14,2.51
7592,967,33,2026-01-16,2.6
7593,967,33,2026-01-19,1.71
7594,967,33,2026-01-20,2.78
7595,967,33,2026-01-21,2.87
7596,968,1,2025-09-25,6.76
7597,968,1,2025-09-28,6.36
7598,968,1,2025-09-30,2.4
7599,969,3,2025-09-27,3.62
7600,969,3,2025-09-29,1.33
7601,969,3,2025-10-01,2.96
7602,969,3,2025-10-04,2.55
7603,969,3,2025-10-05,2.54
7604,969,3,2025-10-08,1.26
7605,969,3,2025-10-10,1.6
7606,969,3,2025-10-13,3.36
7607,969,3,2025-10-14,1.59
7608,969,3,2025-10-17,1.89
7609,969,3,2025-10-20,2.64
7610,970,4,2025-06-11,2.53
7611,970,4,2025-06-12,4.75
7612,970,4,2025-06-14,2.47
7613,970,4,2025-06-16,2.44
7614,970,4,2025-06-19,5.94
7615,970,4,2025-06-21,1.17
7616,970,4,2025-06-23,1.88
7617,970,4,2025-06-24,5.73
7618,970,4,2025-06-25,4.43
7619,970,4,2025-06-27,3.0
7620,970,4,2025-06-30,0.92
7621,971,18,2025-11-06,5.36
7622,971,18,2025-11-07,0.08
7623,972,33,2025-07-31,5.11
7624,972,33,2025-08-03,5.21
7625,972,33,2025-08-05,2.9
7626,972,33,2025-08-07,5.29
7627,972,33,2025-08-08,4.04
7628,972,33,2025-08-11,3.0
7629,972,33,2025-08-12,3.23
7630,972,33,2025-08-13,5.2
7631,972,33,2025-08-14,4.97
7632,972,33,2025-08-16,0.62
7633,973,14,2025-11-25,5.13
7634,973,14,2025-11-27,1.79
7635,973,14,2025-11-29,4.1
7636,973,14,2025-12-02,3.7
7637,973,14,2025-12-04,3.03
7638,973,14,2025-12-07,0.62
7639,974,10,2025-11-26,1.1
7640,974,10,2025-11-29,5.74
7641,974,10,2025-12-02,2.8
7642,974,10,2025-12-05,1.89
7643,974,10,2025-12-07,1.2
7644,974,10,2025-12-08,4.74
7645,974,10,2025-12-09,5.19
7646,974,10,2025-12-12,3.31
7647,975,49,2025-12-13,4.23
7648,975,49,2025-12-16,2.8
7649,975,49,2025-12-19,2.82
7650,975,49,2025-12-21,1.69
7651,976,35,2025-04-16,5.69
7652,976,35,2025-04-18,1.48
7653,976,35,2025-04-21,1.68
7654,976,35,2025-04-22,4.82
7655,977,14,2025-08-12,2.19
7656,977,14,2025-08-15,3.23
7657,977,14,2025-08-16,2.14
7658,977,14,2025-08-17,2.38
7659,977,14,2025-08-20,4.57
7660,977,14,2025-08-21,6.07
7661,977,14,2025-08-22,4.7
7662,977,14,2025-08-23,5.34
7663,977,14,2025-08-25,1.55
7664,977,14,2025-08-26,5.28
7665,977,14,2025-08-28,1.64
7666,977,14,2025-08-31,2.21
7667,977,14,2025-09-02,6.72
7668,977,14,2025-09-03,3.05
7669,977,14,2025-09-06,2.64
7670,978,28,2025-08-02,4.18
7671,978,28,2025-08-05,1.8
7672,978,28,2025-08-08,1.09
7673,978,28,2025-08-10,1.89
7674,979,3,2025-07-18,1.27
7675,979,3,2025-07-20,2.68
7676,979,3,2025-07-23,6.57
7677,979,3,2025-07-26,5.15
7678,979,3,2025-07-27,4.05
7679,979,3,2025-07-29,3.17
7680,979,3,2025-07-31,2.8
7681,979,3,2025-08-02,4.58
7682,979,3,2025-08-05,6.37
7683,979,3,2025-08-07,3.42
7684,979,3,2025-08-09,6.87
7685,979,3,2025-08-12,4.1
7686,979,3,2025-08-14,1.7
7687,979,3,2025-08-17,4.33
7688,981,8,2025-11-27,5.23
7689,981,8,2025-11-30,3.52
7690,981,8,2025-12-01,6.06
7691,981,8,2025-12-04,2.58
7692,981,8,2025-12-05,1.38
7693,981,8,2025-12-06,5.22
7694,982,9,2025-10-07,1.74
7695,982,9,2025-10-10,2.51
7696,982,9,2025-10-13,6.86
7697,982,9,2025-10-16,6.67
7698,982,9,2025-10-17,6.2
7699,982,9,2025-10-20,4.59
7700,983,9,2025-06-10,5.58
7701,983,9,2025-06-11,1.79
7702,983,9,2025-06-13,3.36
7703,983,9,2025-06-16,5.75
7704,983,9,2025-06-19,5.0
7705,983,9,2025-06-22,4.04
7706,983,9,2025-06-23,6.33
7707,983,9,2025-06-24,3.51
7708,983,9,2025-06-25,4.28
7709,983,9,2025-06-28,0.92
7710,984,28,2025-05-12,4.4
7711,984,28,2025-05-13,1.58
7712,984,28,2025-05-16,2.62
7713,985,13,2025-05-23,2.91
7714,985,13,2025-05-25,4.65
7715,985,13,2025-05-27,6.38
7716,985,13,2025-05-29,5.16
7717,985,13,2025-05-31,6.69
7718,985,13,2025-06-03,3.91
7719,986,41,2025-08-10,6.22
7720,986,41,2025-08-12,6.81
7721,986,41,2025-08-13,2.06
7722,986,41,2025-08-15,4.45
7723,986,41,2025-08-16,6.75
7724,986,41,2025-08-19,3.76
7725,986,41,2025-08-22,1.91
7726,986,41,2025-08-23,1.82
7727,986,41,2025-08-26,2.5
7728,987,22,2025-12-06,3.0
7729,987,22,2025-12-07,0.25
7730,988,8,2025-08-15,5.41
7731,988,8,2025-08-17,2.22
7732,988,8,2025-08-19,2.97
7733,988,8,2025-08-20,1.16
7734,988,8,2025-08-23,3.51
7735,988,8,2025-08-25,5.49
7736,988,8,2025-08-27,5.38
7737,988,8,2025-08-29,3.64
7738,989,18,2025-11-11,1.79
7739,989,18,2025-11-13,3.71
7740,989,18,2025-11-16,5.96
7741,989,18,2025-11-19,4.45
7742,989,18,2025-11-20,2.76
7743,989,18,2025-11-22,4.76
7744,989,18,2025-11-25,1.15
7745,989,18,2025-11-27,1.84
7746,989,18,2025-11-28,2.29
7747,989,18,2025-12-01,4.78
7748,989,18,2025-12-03,2.88
7749,989,18,2025-12-04,5.7
7750,989,18,2025-12-07,4.7
7751,989,18,2025-12-08,5.7
7752,989,18,2025-12-09,6.53
7753,989,18,2025-12-11,2.92
7754,989,18,2025-12-12,1.31
7755,989,18,2025-12-15,5.64
7756,989,18,2025-12-16,6.44
7757,989,18,2025-12-19,3.24
7758,991,3,2025-12-04,6.72
7759,991,3,2025-12-07,3.19
7760,991,3,2025-12-10,6.87
7761,991,3,2025-12-12,3.22
7762,991,3,2025-12-15,1.13
7763,991,3,2025-12-17,3.01
7764,991,3,2025-12-20,5.09
7765,991,3,2025-12-21,2.96
7766,991,3,2025-12-24,2.6
7767,991,3,2025-12-26,2.37
7768,991,3,2025-12-27,6.26
7769,991,3,2025-12-30,3.18
7770,991,3,2026-01-02,6.25
7771,991,3,2026-01-04,3.61
7772,991,3,2026-01-07,4.78
7773,991,3,2026-01-08,5.85
7774,991,3,2026-01-11,6.13
7775,991,3,2026-01-12,1.71
7776,991,3,2026-01-15,3.55
7777,992,7,2025-05-01,2.72
7778,992,7,2025-05-02,4.34
7779,992,7,2025-05-05,3.55
7780,992,7,2025-05-06,6.31
7781,992,7,2025-05-07,1.28
7782,992,7,2025-05-08,1.91
7783,992,7,2025-05-10,1.26
7784,992,7,2025-05-12,4.78
7785,992,7,2025-05-13,1.89
7786,992,7,2025-05-16,5.91
7787,993,2,2025-08-14,6.61
7788,993,2,2025-08-15,4.12
7789,993,2,2025-08-16,5.64
7790,993,2,2025-08-19,4.39
7791,993,2,2025-08-22,5.79
7792,993,2,2025-08-24,5.14
7793,993,2,2025-08-27,2.24
7794,994,50,2025-12-02,6.62
7795,994,50,2025-12-05,2.6
7796,994,50,2025-12-08,2.0
7797,994,50,2025-12-09,2.5
7798,994,50,2025-12-10,4.52
7799,994,50,2025-12-12,1.71
7800,994,50,2025-12-15,3.98
7801,994,50,2025-12-18,1.53
7802,995,13,2025-10-03,6.24
7803,995,13,2025-10-06,2.95
7804,995,13,2025-10-07,2.67
7805,995,13,2025-10-08,2.3
7806,995,13,2025-10-10,4.04
7807,995,13,2025-10-13,3.63
7808,995,13,2025-10-15,4.01
7809,995,13,2025-10-17,2.05
7810,995,13,2025-10-18,1.91
7811,996,8,2025-05-22,2.12
7812,996,8,2025-05-24,0.57
7813,997,38,2025-11-18,4.24
7814,998,50,2025-06-06,1.59
7815,998,50,2025-06-09,5.57
7816,998,50,2025-06-10,4.73
7817,998,50,2025-06-13,5.56
7818,998,50,2025-06-16,1.73
7819,998,50,2025-06-18,4.23
7820,998,50,2025-06-20,2.1
7821,998,50,2025-06-23,4.76
7822,998,50,2025-06-26,5.53
7823,998,50,2025-06-27,3.42
7824,999,41,2025-05-29,3.5
7825,999,41,2025-05-31,1.4
7826,999,41,2025-06-02,3.18
7827,999,41,2025-06-03,5.3
7828,999,41,2025-06-05,4.92
7829,999,41,2025-06-07,1.58
7830,999,41,2025-06-08,1.58
7831,999,41,2025-06-11,6.22
7832,999,41,2025-06-12,5.38
7833,1000,41,2025-05-12,2.57
7834,1000,41,2025-05-15,3.31
7835,1000,41,2025-05-17,5.69
7836,1000,41,2025-05-19,4.75
7837,1000,41,2025-05-21,4.83
7838,1000,41,2025-05-23,2.2
7839,1000,41,2025-05-25,3.27
